lesson_id,goal_index,text,teach,why,hint_stuck
inherited-workbook,0,"Walk down the dates with ↓ five times, then jump the rest of the way with Ctrl+↓ until the Name Box reads A61.","The arrow keys move one cell per press. Ctrl and an arrow jumps to the edge of the data in one press (down, up, left or right), and the Name Box, left of the formula bar, shows where you landed.",,pulse the Name Box · Ctrl+↓ from anywhere in the column lands on the last date.
inherited-workbook,1,"Come back up the same way: ↑ five times, then Ctrl+↑ to A1.","Ctrl+↑ jumps to the top of the data. Ctrl+Home takes you home to A1 from anywhere on the sheet, which is the one to remember when you get lost in a big file.",,pulse cell A1 · Ctrl+↑ from the dates lands on the header; Ctrl+Home lands on A1 from anywhere.
inherited-workbook,2,"Across the headers: Ctrl+→ to the last column, F1, then Ctrl+← back to A1.","The same jump works sideways. Left, right, up, down: four keys that replace almost all of your scrolling.",,pulse cell F1 · Ctrl+→ stops at the last filled column; Ctrl+← brings you back.
inherited-workbook,3,"Select the whole date column from A1 in one Ctrl+Shift+↓, then widen the selection to the whole table with Ctrl+Shift+→: A1:F61.","A selection is the set of cells a command will act on, the highlighted block. Hold Shift with any arrow and the selection grows a cell at a time; hold Ctrl and Shift and it grows to the edge of the data. Two presses select a table of any size.",,pulse the Name Box · The Name Box shows the range as it grows. It should end at A1:F61.
inherited-workbook,4,"Walk the tabs to Costs with Ctrl+PgDn and land on the Domain total in E4, where the formula bar shows =B4+C4+D4.","A workbook is the file; the tabs along the bottom are its sheets, and Ctrl+PgDn and Ctrl+PgUp walk them. The grid shows a result; the formula bar shows where it came from, and that’s the one a reviewer reads.",,pulse the Costs tab · Costs is the last tab. The formula bar only shows the sum once you’re on E4.
inherited-workbook,5,Rename the Sheet2 tab to Inputs.,"Rename Sheet is Home › Format › Rename (Alt, H, O, R): type the new name and press Enter. Every formula that points at this sheet will carry the name you type now, so name it once and name it right.",,"pulse the Sheet2 tab · Rename works on the active sheet, so Sheet2 has to be the one selected."
inherited-workbook,6,"Delete the Old wk37 tab, since it’s last week’s export and the live numbers are on Raw.","Delete Sheet (Alt, H, D, S) removes the active sheet; Excel asks first because it can’t be undone. Stale data left in a file gets read as if it were current, so it comes out. Nothing warns you when other tabs read the one you delete (their formulas turn to #REF!), so on a live model you search the workbook for the tab’s name first (3.6.3).",,pulse the Old wk37 tab · Old wk37 has to be the active tab; then answer the confirmation.
inherited-workbook,7,"Add a new sheet for the report, name it Report, and move it to the front of the workbook.","Shift+F11 inserts a sheet, Alt, H, O, R names it, and Move or Copy Sheet (Alt, H, O, M) moves it: ↑ ↓ pick where it sits, Enter confirms. The output page goes first: tabs run the way a reader reads.",,"pulse the Move or Copy dialog · In Move or Copy, pick the sheet that’s currently first."
know-the-screen,0,"Land on Raw!E4 and read it twice: the grid shows a number, the formula bar shows =C4*D4.","The grid shows a cell’s result, and the formula bar above the column letters shows what’s in it, either a typed number or the formula that made one. Read the formula bar before you trust a figure, every time.",,"pulse the formula bar · Ctrl+PgDn to Raw, then E4; look above the column letters."
know-the-screen,1,"The note in H1 is longer than the bar shows: expand the formula bar with Ctrl+Shift+U, read it, then collapse it again.","Ctrl+Shift+U expands the formula bar to several lines and collapses it again, so a long formula or note reads in full without editing the cell. Long formulas in Chapter 3 will need it.",,"pulse the formula bar’s expand arrow · Ctrl+Shift+U twice: open, then closed."
know-the-screen,2,"Collapse the Ribbon with Ctrl+F1 to see more rows, then bring it back.","Ctrl+F1 hides the Ribbon down to its tab names and shows it again; Alt still works while it’s collapsed, so the hotkeys don’t care. On a big model most people work collapsed.",,pulse the Ribbon · Ctrl+F1 twice.
know-the-screen,3,"Select the wash counts C2:C60 and read the status bar at the bottom: Sum, Average and Count.","The status bar totals whatever is selected, with no formula written: Sum, Average, Count. Select a column, glance at the bottom of the window, and you know whether a number is plausible before anyone asks. Right-click the status bar once and tick Minimum and Maximum, and the largest and smallest figure in the selection show there too, the one mouse setting worth making.",,"pulse the status bar · Land on C2, Ctrl+Shift+↓, then look at the bottom edge of the window."
know-the-screen,4,"Zoom out to see the whole feed: Alt, W, Q, pick 75%, then back to 100% with Alt, W, J.","The Zoom dialog is View › Zoom (Alt, W, Q); Alt, W, J is 100% in one press. Ctrl and the scroll wheel does it with the mouse. Work at whatever zoom you like; send at 100%.",,"pulse the zoom control · Alt, W, Q, then 7 for 75%, Enter; then Alt, W, J."
know-the-screen,5,Walk the sheet tabs to Costs and back to Raw with the sheet keys.,"Ctrl+PgDn and Ctrl+PgUp move one sheet at a time. In a browser tab, Chrome keeps those two keys for its own tabs, so here Alt+PgDn and Alt+PgUp do the same job and count the same; in fullscreen or the installed app the real keys work. On a Mac, ⌥→ and ⌥← work everywhere.",,"pulse the sheet tabs · Alt+PgDn twice to Costs, Alt+PgUp twice back, or the Ctrl versions in fullscreen."
ribbon-by-keyboard,0,"Open the Ribbon with Alt, step into Home › Font, then back all the way out with Esc.","Alt puts a letter on every tab and every command; Esc backs out one level at a time. Once you know the letters, any command is three keys away and your hands never leave the keyboard.",,pulse the KeyTips · Keep pressing Esc until the letters are gone. The goal counts once you’re all the way out.
ribbon-by-keyboard,1,"Walk to the View tab with Alt, W, look at what lives there, and leave with Esc.","The tab letters never change: H Home, N Insert, P Page Layout, M Formulas, A Data, W View. They’re the same on every copy of Excel you’ll ever sit at, so learn them once.",,"pulse the View tab · Alt first, wait for the letters, then W."
ribbon-by-keyboard,2,Hide the gridlines on Report.,"View › Show › Gridlines (Alt, W, V, G) hides or shows the grid on the active sheet. Most people turn gridlines off on a page someone else reads; on a working sheet they can help. It’s a matter of preference, and the hotkey flips them either way.",,"pulse the Gridlines box on the View tab · It only switches the sheet you’re on, so check the tab bar says Report."
ribbon-by-keyboard,3,"Open Format Cells with Ctrl+1, glance at its tabs, and close it with Esc.","From anywhere, Ctrl+1 opens Format Cells, the dialog with six tabs across the top (Number, Alignment, Font, Border, Fill, Protection) where most formatting lives. Tab moves between its fields, Enter is OK, Esc is Cancel. Most of what you’ll do to a page in this chapter happens in here.",,"pulse the 1 key on the top row · Use the 1 on the top row, not the number pad, and close the box again to finish."
ribbon-by-keyboard,4,"Open the same dialog the long way, Alt, H, O, E, and close it again.","Every dialog also has a Ribbon route: Format Cells is Home › Format › Format Cells. When a shortcut slips your mind, the route still gets you there, so know both.",,"pulse Home › Format · O is Format, near the end of the Home tab; if you’re in the wrong menu, Esc backs out one level."
analyst-setup,0,"Press F9 once so your hands know where it is, even though on Automatic nothing visibly changes.","Calculation is on Automatic here, so F9 does nothing you can see. Big models get switched to Manual to stay fast, and then F9 (Calculate Now) is the only thing that updates the numbers.",,"pulse the F9 keycap · F9 is on the top row. Nothing visible changes on Automatic, and that’s the point."
analyst-setup,1,Open Excel Options and turn iterative calculation on.,"Alt, F, T opens Excel Options; on the Formulas page, iterative calculation lets a model that loops on purpose (interest on debt, for one) settle instead of erroring out. Every desk turns it on, on day one.",,"pulse the Formulas page of Excel Options · It’s on the Formulas page of Options, and it only counts once the box is closed with OK."
analyst-setup,2,"On the Advanced page, turn off ""After pressing Enter, move selection"".","With this off, Enter commits what you typed and stays on the cell, so you read it back before you move; the arrow keys do the moving. It’s the setting the desks change first, and every lesson from here on assumes it.",,"pulse the Advanced page of Excel Options · Advanced is a long page; the setting is near the top, under Editing options."
analyst-setup,3,Add Font Color to the Quick Access Toolbar.,"Q opens the Quick Access Toolbar page: ↑ ↓ pick a command, A adds it, Enter is OK. You’ll press these four commands more than anything else this week, and Alt plus a number is the shortest route to them there is. The toolbar sits under the Ribbon here, which is where most desks put it.",,pulse the Add button · Added isn’t done until you OK the dialog. Check the toolbar under the Ribbon for the new button.
analyst-setup,4,Add Fill Color the same way.,"Fill Color is for the tint on the input block, later in the chapter. One Alt+number beats a trip into the Ribbon every time.",,pulse the Add button · Same route: the goal counts once Fill Color is on the right-hand list and the box is OK’d.
analyst-setup,5,Add Borders.,"Borders is where a total’s top border comes from, and you’ll put one on every page you build.",,pulse the command list · Borders sits near the top of the left-hand list.
analyst-setup,6,"Add Decrease Decimal, the last of the four.","Every figure column gets its decimals set, usually down to none. This button gets pressed more than you’d think.",,"pulse the command list · When it’s in, the toolbar reads seven buttons, ending with Decrease Decimal."
analyst-setup,7,"Run one from the keyboard by pressing Alt, reading the number over Undo on the toolbar (2 here) and pressing it.","Alt on its own numbers the toolbar 1 to 9, left to right, and Alt then the number runs that command from anywhere. The numbers follow your own toolbar: this one starts with Save, Undo and Redo, so Undo is 2 here, and on your own copy of Excel it may sit under another number or on the Home tab. Press Alt, read the numbers, then press one: that’s how you’ll format for the rest of the course.",,pulse the toolbar numbers · Press Alt on its own and watch the toolbar: the numbers appear over the buttons.
colour-label-hardcode,0,Inputs is the sheet where the typed numbers live: go there first.,"Every typed number in the file lives on Inputs, so it’s the sheet a reviewer opens first, and the sheet where color coding matters most.",,"pulse the Inputs tab · Inputs is the third tab, after Raw."
colour-label-hardcode,1,"Land on B4, read 1.50 typed in the formula bar, and color it blue.","The formula bar shows what a cell holds, and a number with no = in front of it is a hardcode, meaning somebody typed it, so it goes blue. Font Color lives on the Home tab: Alt, H, F, C opens the palette, the arrow keys move across the swatches and Enter picks one.",,"pulse the Font Color palette · Alt, H, F, C opens the palette; the blue sits a few swatches along the top row."
colour-label-hardcode,2,B5 and B6 are typed too: select both and color them blue in one go.,"To select across cells, hold Shift and press an arrow: from B5, Shift+↓ takes B6 too, and the Name Box reads B5:B6. A format applied to a selection lands on every cell in it, so select first, then Font Color once.",,pulse cells B5:B6 · Shift+↓ from B5 grows the selection; then the same Font Color route.
colour-label-hardcode,3,"B12 holds =Raw!I13, a link to another sheet: color it green.","A reference with a sheet name and an exclamation mark points at another sheet, and links are green, so a reader knows which figures come from elsewhere in the file. Red is for a link to another file, which you’ll avoid. The team never links workbooks.",,"pulse cell B12 · Ctrl+↓ runs to the bottom of the block; B12 is three rows up. Green is on the top row of the palette, past the blue."
colour-label-hardcode,4,"B10 holds =B5*B6, a formula, so it stays black, but set its font color to Automatic if it isn’t.","Formulas are black. Automatic is the default font color, and it’s the one every calculated cell should have. Nothing typed, nothing to change.",,pulse cell B10 · Land on B10 and read the formula bar: the = at the front means it stays as it is.
colour-label-hardcode,5,"Now do the rest of the block, B7:B14, where three more typed numbers, two formulas and one link each need the right color.","Read each cell in the formula bar before you color it: no =, blue; =, black; a sheet name and !, green. The card ticks each cell as it turns the right color.",,"pulse the formula bar · Land on each cell and look at the formula bar, where the = is the tell."
colour-label-hardcode,6,"Read the block back: press F2 on B10, watch its inputs light up on the sheet, then leave with Esc.","F2 puts a cell into edit mode: the caret appears at the end of the entry and, for a formula, each reference lights up in color on the sheet. Enter leaves edit mode and keeps your changes; Esc leaves it and throws them away. Typing on a cell without F2 replaces the whole entry.",,pulse cell B10 · Esc leaves the cell as it was; the goal only needs the look.
colour-label-hardcode,7,"B15 is blue but holds a formula, =B10/B6: set its font color back to Automatic.","A wrong color is worse than no color: a reviewer would change B15 thinking it was an input. Ctrl+1 opens Format Cells, the dialog behind all of this: its Font tab has the same color list as the Ribbon route, with Automatic first.",,"pulse cell B15 · Ctrl+1, the Font tab, then Color: ← walks the list back to Automatic, and Enter applies it."
challenge-inherited-file,0,"Rename Sheet2 to Inputs, delete Old wk37, and get a Report sheet in front.",,,
challenge-inherited-file,1,"Turn gridlines off on Report, because someone reads this page.",,,
challenge-inherited-file,2,Leave the formulas on Inputs black.,,,
challenge-inherited-file,3,Read B10 with F2 and leave it as it was.,,,
challenge-inherited-file,4,"Color every typed figure on Inputs blue, the link green, and put the wrongly colored formula back to Automatic.",,,
jump-dont-scroll,0,The questions are about the feed: move to Raw.,"Ctrl+PgDn walks the tabs to the right, Ctrl+PgUp to the left. Raw is the second tab, the feed the managers’ numbers were pasted into.",,pulse the Raw tab · One Ctrl+PgDn from Report.
jump-dont-scroll,1,"""How many days came through?"" is answered by the last date, so jump to it with Ctrl+↓.","From A1, Ctrl+↓ lands on the last filled cell in the column. The Name Box reads A61: sixty rows of data, five sites, twelve days each.",,pulse the Name Box · Ctrl+↓ from A1; the Name Box reads A61 when you’re there.
jump-dont-scroll,2,"""Which columns did the managers send?"" is the header row, so go back to the top and along the headers to F1.","Ctrl+Home, then Ctrl+→ runs along the header row to the last filled column. Six columns: Date, Site, Washes, Avg ticket, Revenue, Wash cost.",,"pulse cell F1 · Ctrl+Home first, then Ctrl+→ once."
jump-dont-scroll,3,"""Is every wash cost in?"" takes Ctrl+↓ down column F, and the jump stops at F11, right above the first missing figure.","A jump stops where the data stops, so a gap in a column shows up as a jump that lands early. That’s how you find a missing figure without reading sixty rows, and the first thing a reviewer does to a feed.",,"pulse cell F11 · Start from F1 and press Ctrl+↓ once; if it lands on F61, the column had no gap and you’re on the wrong one."
jump-dont-scroll,4,"""Anything below the feed?"" takes Ctrl+End to the far corner, then Home, then up to the Notes header in A64.","Ctrl+End jumps to the sheet’s last used cell, and Home snaps to column A of the row you’re on. Anything below the data (notes, totals, a stray comment) is where a reader finds surprises, so look before you send.",,"pulse cell A64 · Ctrl+End, then Home, then ↑ until the Name Box reads A64."
jump-dont-scroll,5,"Skim the feed a screen at a time: one PgUp, one PgDn.","PgDn and PgUp move a screen at a time, for reading through, not for reaching a cell. On a Mac that’s fn+↓ and fn+↑.",,pulse the PgDn keycap · One press each; the goal counts once both have been pressed.
jump-dont-scroll,6,Back to the top for the next job: Ctrl+Home.,"Ctrl+Home from anywhere. The answer sheet: sixty days, six columns, missing wash costs starting at F12, a note at A64.",,pulse cell A1 · Ctrl+Home lands on A1 from anywhere on the sheet.
jump-dont-scroll,7,"For a cell you can name, press Ctrl+G, type Costs!B7 and Enter, and you land on South Lamar’s rent figure two sheets away.","Ctrl+G opens Go To: a cell address, or Sheet!Cell for another sheet, and Enter lands you on it. You won’t use it often (the arrows are faster for anything nearby), but for a far cell you can name, it’s one press. The Name Box does the same with the mouse.",,"pulse the Go To box · Sheet name, exclamation mark, cell: Costs!B7."
select-like-you-mean-it,0,"Move to Raw, where the selecting is.",Ctrl+PgDn from Report. Every selection in this lesson starts from a cell you’ve landed on by keyboard.,,pulse the Raw tab · One Ctrl+PgDn from Report.
select-like-you-mean-it,1,"Select Revenue from its header to the last figure: land on E1, then one Ctrl+Shift+↓.",Hold Ctrl and Shift together and press ↓: the selection runs from the active cell to the edge of the data. The Name Box reads E1:E60. Sixty cells in one press.,,"pulse the Name Box · Ctrl+Home, Ctrl+→, ← to reach E1; then Ctrl+Shift+↓."
select-like-you-mean-it,2,"With E1:E60 still selected, read the status bar at the bottom of the window (sum, average, count), then come back to A1 with Ctrl+Home.","Same status bar as 1.1.2, bigger selection: sixty cells summed with no formula written. Do this on every column you’re about to use. It’s how you catch a text figure or a missing day before it costs you.",,"pulse the status bar · Look at the bottom edge of the window while the selection is live, then Ctrl+Home."
select-like-you-mean-it,3,Select the whole header row with Shift+Space.,"Shift+Space selects the entire row of the active cell, edge to edge. Any arrow key on its own collapses a selection back to one cell.",,"pulse row 1 · From A1, Shift and the space bar together."
select-like-you-mean-it,4,Now the whole of column E with Ctrl+Space.,"Ctrl+Space selects the entire column. Row and column selections are how you insert, delete, hide and resize, all of module 1.4. On a Mac, ⌃Space may be taken by the system; ⌘⇧↑ then ⌘⇧↓ from the top of a column does the job.",,"pulse column E · Land anywhere in column E first, then Ctrl and the space bar."
select-like-you-mean-it,5,Select the whole feed in one press: Ctrl+A.,"Ctrl+A selects the current region: the block of data around the active cell, bounded by blank rows and columns. From inside the feed, that’s A1:F61.",,pulse the Name Box · Land inside the feed first; from a blank cell Ctrl+A selects the whole sheet instead.
select-like-you-mean-it,6,Press Ctrl+A a second time: the entire sheet.,"Ctrl+A again widens to every cell on the sheet. Useful for a format you want everywhere, dangerous for anything else.",,pulse the select-all corner · Ctrl+A twice from inside the feed.
select-like-you-mean-it,7,"Go home to A1 with Ctrl+Home, then take everything in use (feed, notes and the totals block) with Ctrl+Shift+End.","Ctrl+Shift+End selects from the active cell to the last used cell on the sheet, gaps included. Ctrl+A stops at the first blank row; Ctrl+Shift+End doesn’t.",,"pulse the Name Box · Ctrl+Home, then Ctrl, Shift and End together."
around-the-workbook,0,"On Raw, the site names in column B are cut off: AutoFit the column to its longest entry.","AutoFit Column Width is Home › Format › AutoFit Column Width (Alt, H, O, I): the column sizes to the longest entry in it. Select the whole column first with Ctrl+Space, so the whole column is the target.",,"pulse column B · Ctrl+Space on any cell in column B, then Alt, H, O, I."
around-the-workbook,1,Column A is wider than a date needs: set it to width 11.,"Column Width (Alt, H, O, W) sets the selected columns to a number of characters: type it and Enter. A column too narrow for a number or a date shows ######## until you widen it; that’s Excel telling you, not an error.",,"pulse column A · Alt, H, O, W, then 11, then Enter."
around-the-workbook,2,"The figure columns C:F should match, so select them and press F4, and the width you set a moment ago lands on all four.","F4 repeats your last action on whatever is selected now: a width, a format, an insert. Set it once, F4 everywhere. It comes back in the Format module as the fastest key on the sheet.",,"pulse columns C:F · Select C:F with Ctrl+Space and Shift+→, then one F4."
around-the-workbook,3,Give the header row some air: set row 1 to height 20.,"Row Height (Alt, H, O, H) is in points; AutoFit Row Height (Alt, H, O, A) sizes a row back to what its text needs. Shift+Space selects the row first if you want to be sure.",,"pulse row 1 · Alt, H, O, H, then 20, then Enter."
around-the-workbook,4,The figure headers C1:F1 sit left over numbers that sit right: right-align them.,"Numbers align right by default and text aligns left, so a header over a number column reads best right-aligned. Alignment is Alt, H, A, then L, C or R.",,"pulse cells C1:F1 · Select C1:F1 first, then Alt, H, A, R."
around-the-workbook,5,"Add a line under the Notes block by inserting a row above A67, then type ""Airport Sat missing - emailed manager"".","Shift+Space selects the whole row, then Ctrl+Shift+= (Ctrl and plus) inserts a row above it, and Alt, H, I, R is the Ribbon route to the same thing. Whatever was there moves down, so nothing is overwritten.",,"pulse row 67 · Shift+Space on row 67, then Ctrl+Shift+=; type the note into the new A67 and Enter."
around-the-workbook,6,"On Costs, add a column for Utilities between Maintenance and Card fees: select column D and insert, then type Utilities in D3.","Columns insert the same way: Ctrl+Space selects the column, Ctrl+Shift+= inserts one to its left; Alt, H, I, C is the Ribbon route. The formulas to the right move over and keep working.",,pulse column D on Costs · Ctrl+PgDn to Costs; Ctrl+Space on any cell in column D; then Ctrl+Shift+=.
around-the-workbook,7,"The CFO says utilities sit inside rent this year, so delete the Utilities column again.","Ctrl+− (Ctrl and minus) deletes the selected rows or columns whole; Alt, H, D, C and Alt, H, D, R are the Ribbon routes. Ctrl+Z brings back a column you didn’t mean to delete.",,"pulse column D on Costs · Ctrl+Space on the Utilities column, then Ctrl+−."
around-the-workbook,8,"Back on Raw, the note in A64 runs past its column: wrap it inside the cell.","Wrap Text (Alt, H, W) folds a long entry onto more lines inside its cell, and AutoFit Row Height (Alt, H, O, A) grows the row to fit. It’s how a label stays readable without widening the whole column.",,"pulse cell A64 · Land on A64, then Alt, H, W; then Alt, H, O, A so the row grows."
typed-vs-calculated,0,The question is about Costs: go there.,"Ctrl+PgDn to the last tab. Costs is the sheet a manager built by hand: rent, maintenance and card fees by site.",,pulse the Costs tab · Costs is the last tab; three Ctrl+PgDn from Report.
typed-vs-calculated,1,"Select the table body B4:E8, edge to edge.","Land on B4, then press Ctrl+Shift+→ and Ctrl+Shift+↓, and two presses give you twenty cells. Go To Special works inside whatever you’ve selected, so the selection comes first.",,pulse the Name Box · The Name Box should read B4:E8 before you go on.
typed-vs-calculated,2,"Pick out the constants, meaning everything someone typed, and color them blue in one stroke.","Go To Special is Home › Find & Select › Go To Special (Alt, H, F, D, S), or F5 then Alt+S. Inside your selection it picks cells by kind: O for Constants, F for Formulas, K for Blanks. Then Font Color once, and every typed cell turns blue together.",,"pulse the Go To Special dialog · Alt, H, F, D, S, then O for Constants, Enter; then Alt, H, F, C for the blue."
typed-vs-calculated,3,"Select the body again and pick out the formulas, which lights up only the Domain total in E4, and it stays black.","Formulas stay black, because Go To Special only shows you where they are. One total in a block of typed figures is normal for a sheet a manager built, and you’ll add the rest in module 1.6.",,pulse cell E4 · Reselect B4:E8 first; F for Formulas this time.
typed-vs-calculated,4,"One more pass picks out the blanks, which are the two sites with no maintenance figure.","Blanks are the holes. Two sites never sent a maintenance number, and now you know which ones before the CFO asks.",,"pulse the Go To Special dialog · Reselect B4:E8; K for Blanks, Enter; the two empty cells light up."
challenge-find-and-mark,0,Land on the feed’s last date in one jump from the top of Raw.,,,
challenge-find-and-mark,1,"Back to the top, then along the headers to the last column, F1.",,,
challenge-find-and-mark,2,Select everything used on the sheet from A1 in one stroke.,,,
challenge-find-and-mark,3,"Select the Revenue figures E2:E60, edge to edge.",,,
challenge-find-and-mark,4,"Open Go To Special, pick Constants, then color every typed number in the block blue.",,,
enter-the-missing-day,0,"Airport’s Saturday never came through: jump to the first blank cell of its row, Raw!C61.",,,"pulse cell C61 on Raw · Ctrl+PgDn to Raw, Ctrl+↓ to the last row, Ctrl+→, then → once: C61."
enter-the-missing-day,1,"Enter 250 washes in C61 and press Enter: the cell stays selected, so read it back, then → to D61.","Enter commits; with ""move selection"" off the cursor stays put, which is how you check a figure before you leave it.",,"pulse cell C61 · 250, Enter: you are still on C61; then → once."
enter-the-missing-day,2,"The rest of the row as a Tab run: 14 in D61, Tab, 3500 in E61, Tab, 375 in F61, Enter.","Tab commits and steps one cell right, so a row of figures goes in without an arrow key.",,"pulse cell D61 · 14, Tab, 3500, Tab, 375, Enter."
enter-the-missing-day,3,"Type Airp over B61, AutoComplete offers Airport after three letters, and since it is already right, throw the entry away with Esc.",AutoComplete proposes an entry from the same column once you have typed enough letters; Esc discards what you started and the cell keeps what it had.,,"pulse cell B61 · Home, → to B61, type Airp, watch the proposal, then Esc: the name is unchanged."
enter-the-missing-day,4,"Five wash-cost cells in column F are blank: select the feed from the top, pick out the blanks with Go To Special and count them.",,,"pulse the Go To Special dialog · Ctrl+Home, Ctrl+A on the feed first; Alt, H, F, D, S; K is Blanks."
enter-the-missing-day,5,Type 0 once and commit it into all five blank cells of the Wash cost column at the same time.,"Ctrl+Enter commits one entry into every selected cell at once, so five blanks take one press.",,"pulse the column F blanks · With the five cells still selected, type 0 and press Ctrl+Enter, not Enter."
enter-the-missing-day,6,"Clear the stray ""draft"" in H3, then a two-line note in H4: Airport Sat missing, Alt+Enter, emailed manager 9/15.",Delete clears what a cell holds and leaves its format and any note behind.,,"pulse cell H3 · Land on H3 and press Delete; ↓ to H4, type the first line, Alt+Enter, the second line, then Enter."
enter-the-missing-day,7,"Two labels on Inputs: USD unless stated into A2, and per supplier quote into C4, beside the cost per wash.",,,"pulse cell A2 on Inputs · Ctrl+PgDn to Inputs; A2, capital USD, Enter; then C4, three words, lowercase, Enter."
enter-the-missing-day,8,"Does it tie? Change Airport’s Saturday washes in C61 to 300 and watch the Airport line of the site totals, I12, answer.",,,"pulse cell I12 · Back to Raw!C61, type 300, Enter; watch I12 change."
fix-it-in-place,0,"Move to Raw and flick down the Site column from B10: ↓, F2, Esc, until you find Muller in B14.",,,"pulse cell B14 · Ctrl+PgDn to Raw, land on B10, then ↓ F2 Esc, four times."
fix-it-in-place,1,"Open B14 with F2, move the insertion point to just after Mu, and insert the e so it reads Mueller.","In Edit mode, Home and End send the insertion point to either end of the entry and ← → step it one character; typing inserts where the caret is, and Enter keeps the change.",,"pulse cell B14 · F2, Home, → twice, type e, Enter."
fix-it-in-place,2,"Keep flicking: Riverside lost its e in one row further down, B27, so read each before you edit it, then add the e.",,,"pulse cell B27 · PgDn, then ↓ three times to B27; F2 puts the caret at the end; type e, Enter."
fix-it-in-place,3,"C33 shows 240 sitting on the left, which means text with a trailing space: open it, delete the space and commit it as a number.","A figure sitting on the left is text, not a number, and a total that reads it will skip it. Backspace deletes the character before the insertion point, so the trailing space goes and 240 snaps to the right.",,pulse cell C33 · → once and ↓ six times to C33; F2 puts the caret at the end; one Backspace removes the space; Enter.
fix-it-in-place,4,"E41 reads 81500 for one day of South Lamar revenue when washes times ticket says 3,150: type 3150 over it.","Typing on a cell replaces its whole entry: no F2 when nothing in the old entry is worth keeping. Sanity-check the magnitude; one site does not do $81,500 in a day.",,"pulse cell E41 · Land on E41, type 3150, Enter."
fix-it-in-place,5,"The CFO asks what was there before: Ctrl+Z, read 81500, then Ctrl+Y to put the fix back.","Ctrl+Z undoes the last change and Ctrl+Y puts it back, dozens of steps deep, so a fix can be tried, read and kept, or shown to someone who asks.",,"pulse cell E41 · One Ctrl+Z, read it, one Ctrl+Y."
fix-it-in-place,6,"One typo you cannot see from here, Airprot somewhere in sixty rows: Ctrl+F finds it, then type Airport over it.","Ctrl+F is for when you know the text but not the cell: type part of it, Enter jumps to the next match, Esc closes the box and leaves you there.",,"pulse the Find box · Ctrl+F, Airprot, Enter, Esc, then type Airport, Enter."
fix-it-in-place,7,"Whoever flagged the errors filled E41, C33 and B14 yellow: clear the fill on E41 with Alt, H, H, N, then F4 on C33 and F4 on B14.","F4 repeats your last action on the cell you are on now: a format, a border, a width, an insert. Fix it once, F4 the rest. It does not repeat typing; for that there is Ctrl+Enter.",,"pulse cell E41 · Ctrl+F 3150 lands on E41; Alt, H, H, N clears a fill; then F4 on each of the other two."
fix-it-in-place,8,"Does it tie? Change C33, a Riverside wash count, to 260 and watch Riverside’s total in I10 answer.",,,"pulse cell I10 · Type 260 over C33, Enter; I10 moves."
copy-cut-paste-fill,0,"Title the page: type “Clearcoat - Austin Weekly KPI Report, Week of Sep 15, 2026” in A1, USD unless stated in A2, Site and Week in A4:B4.",,,"pulse cell A1 on Report · A1, Enter, ↓; A2, Enter; then A4, Tab, B4, Enter."
copy-cut-paste-fill,1,"The feed’s totals block already carries the figure headers: copy Raw!I7:K7 and paste them onto C4:E4, then drop the marquee.","Ctrl+C copies the selection and leaves it where it was, Ctrl+X cuts it so the original goes blank when you paste; Ctrl+V pastes at the cursor, formats included; Esc drops the marquee, the moving border around what you copied. Copy the header row, do not retype it: retyping is where typos come from.",,"pulse cells I7:K7 on Raw · Ctrl+G, Raw!I7, Enter; Shift+→ twice; Ctrl+C; Ctrl+PgUp to Report, C4, Ctrl+V, Esc."
copy-cut-paste-fill,2,The site list lives on Inputs: copy Inputs!A18:A22 and drop it under Site at A5 with Enter.,"After a copy, Enter pastes once and drops the marquee in the same press: the paste for a single destination. Five site names, one press.",,"pulse cells A18:A22 on Inputs · Select A18:A22 on Inputs, Ctrl+C; on Report land on A5 and press Enter."
copy-cut-paste-fill,3,"Copy the reporting week from Inputs!B3 onto B5, then fill it down the five site rows B5:B9 with Ctrl+D.","Ctrl+D fills the selection from its top row and Ctrl+R from its left column: one entry, filled, never retyped. Select from the cell that holds the value down through the cells that should.",,pulse cells B5:B9 · Copy Inputs!B3; paste it in B5 with Enter; select B5:B9 with Shift+↓; Ctrl+D.
copy-cut-paste-fill,4,"Label the daily block below the table: Washes by day in A12, then Week, Day and Date in A13:A15.",,,"pulse cell A12 · A12, Enter, ↓, and so on."
copy-cut-paste-fill,5,The daily block needs the same five sites: copy A5:A9 and drop them at A16 with Enter.,,,"pulse cells A5:A9 · Select A5:A9, Ctrl+C, land on A16, Enter."
copy-cut-paste-fill,6,"The daily block’s Week row takes the same label: copy it from B9 to B13, then fill it right across B13:G13 with Ctrl+R.",,,"pulse cells B13:G13 · Copy B9, paste on B13 with Enter; select B13:G13 with Shift+→; Ctrl+R."
copy-cut-paste-fill,7,The Notes block sits under the feed where nobody reads it: cut Raw!A64:A68 and paste it beside the feed at J1.,,,"pulse cells A64:A68 on Raw · Select A64:A68 on Raw, Ctrl+X, land on J1, Ctrl+V."
copy-cut-paste-fill,8,Does it tie? Change Domain’s Monday washes in Raw!C8 to 300 and watch Domain’s total in I8 answer.,,,"pulse cell I8 on Raw · Type 300 over Raw!C8, Enter; I8 moves."
paste-special-values,0,Two more figure columns are coming: type Gross profit ($) in F4 and Avg ticket ($/wash) in G4 as one Tab run.,,,"pulse cell F4 · F4, type, Tab, type, Enter."
paste-special-values,1,The CFO wants last week beside this week: copy Raw’s Prior week rev and Old code block L7:M12 and paste values only onto H4.,"Paste Special, Ctrl+Alt+V, pastes one part of the copy (V values only, T formats only, F formulas only, E transposed), then Enter confirms. Formats only dresses the cells and leaves what they say alone; values only is how you take a snapshot: the numbers, not the formulas behind them.",,"pulse the Paste Special dialog · Copy L7:M12 on Raw; on Report land on H4; Ctrl+Alt+V, V, Enter."
paste-special-values,2,"The prior-week revenue came out of the export as negatives: copy a −1 from spare cell K4, select H5:H9, Paste Special, Multiply.","Paste Special can do arithmetic on the cells you paste over: Add, Subtract, Multiply, Divide (M for Multiply, I for Divide) with the number you copied, so × −1 flips a block’s sign and ÷ 100 turns cents into dollars, no formula, nothing retyped. It rewrites formulas too, so select typed cells only (Go To Special, Constants) on a mixed block.",,"pulse the Paste Special dialog · Type -1 in K4, Enter, Ctrl+C on it; select H5:H9; Ctrl+Alt+V, M, Enter."
paste-special-values,3,"Same block, and the figures are in cents: copy 100 from the spare cell, select H5:H9, Paste Special Divide, then clear K4.",,,"pulse the Paste Special dialog · Type 100 in K4, Ctrl+C; select H5:H9; Ctrl+Alt+V, I for Divide, Enter; Delete on K4."
paste-special-values,4,"Four new headers, one style: copy the Washes header C4 and paste its format only onto F4:I4 with Paste Formats.",,,"pulse cells F4:I4 · Copy C4; select F4:I4; Ctrl+Alt+V, T, Enter."
paste-special-values,5,"Snapshot this week: copy the five sites’ live totals Raw!I8:K12 and paste values only onto C5, so the page holds numbers, not links.",,,"pulse cell C5 · Copy Raw!I8:K12; on Report, C5; Ctrl+Alt+V, V, Enter."
paste-special-values,6,"Type Total in A10, then copy Raw’s total row I13:K13 and paste it plain onto C10: the SUM re-points to C5:C9.","A pasted formula keeps its shape, not its cells: the references shift with the move, so =SUM(I8:I12) becomes =SUM(C5:C9). That is relative referencing, and a $ in front of a row or column would pin it (module 1.6).",,"pulse cell C10 · A10, type Total, Enter; copy I13:K13 on Raw; C10, Enter."
paste-special-values,7,"Start the sensitivity block: Wash cost sensitivity ($/wk) in A22, Cost per wash in A23, then copy A5:A9 and paste them transposed onto B23.",,,"pulse cell B23 · A22, Enter, ↓, A23, Enter; copy A5:A9; land on B23; Ctrl+Alt+V, E, Enter."
paste-special-values,8,"Does it tie? Change Domain’s Monday washes in Raw’s C8: the live total I8 moves, and the Report’s snapshot C5 stays put.",,,"pulse cell C5 on Report · Change Raw!C8, watch I8 move, then look at Report!C5: unchanged."
find-replace-timeline,0,"Eleven cells on the Report still read Week of Sep 8: swap every one for Week of Sep 15 with Replace All and read the count, eleven.","Ctrl+H opens Replace: type what to find, Tab, what to put there, then Alt+A replaces every match on this sheet and reports how many cells changed. If the count is not what you expected, Ctrl+Z and look.",,pulse the Replace box · Ctrl+H; Week of Sep 8; Tab; Week of Sep 15; Alt+A; read the count; Esc.
find-replace-timeline,1,"Replace All only touches the active sheet: move to Inputs and replace the stale week label in B3 the same way, and the count reads one.",,,pulse cell B3 on Inputs · Ctrl+PgDn twice to Inputs; the same Ctrl+H; count of one.
find-replace-timeline,2,"Name the cost per wash: on B4 open Define Name (Alt, M, M, D), type CostPerWash, Enter, then Ctrl+Home and jump back by name with Ctrl+G.","A name is a label for a cell or a range that you can jump to (Ctrl+G, then the name) and write into a formula (=B6*CostPerWash) so it reads like English. Name a few key inputs and never everything; Chapter 4 sets out the rules for which.",,"pulse the Define Name dialog · On B4: Alt, M, M, D; type the name, no spaces; Enter; then Ctrl+Home, Ctrl+G, CostPerWash, Enter."
find-replace-timeline,3,"Attach the source to the cell as a note: Shift+F2 on B4, type Supplier quote, Sep 15 2026, then Esc to close it.","Shift+F2 opens a note on the cell: a comment that travels with it, marked by a red corner. Best practice: every hardcode carries its source (a web link, a file path, a page number or a quote) in a note or in the next cell.",,"pulse cell B4 · Shift+F2, type, then Esc to leave the note."
find-replace-timeline,4,"Date the check: in D4 press Ctrl+; and Enter for today’s date, typed for you.","Ctrl+; enters today’s date and Ctrl+Shift+; the time, as values that do not change tomorrow. An ""as of"" date beside a figure says when someone last looked.",,pulse cell D4 · Land on D4; Ctrl and the semicolon; Enter.
find-replace-timeline,5,"Scroll away with PgDn three times, then Ctrl+Backspace snaps the view back to the active cell.","Ctrl+Backspace scrolls the window back to the active cell without moving it. After you have paged down a long sheet to look at something, one press brings you home.",,"pulse the PgDn keycap · PgDn three times, then Ctrl+Backspace."
find-replace-timeline,6,"Back on the Report, the daily table needs its day header: type Mon in B14, select B14:G14 and let Fill Series carry it to Sat.","Fill Series (Alt, H, F, I, S) opens the Series dialog, which starts on Linear; its AutoFill type (Alt+F) continues the pattern your first cells set across the selection, so Mon runs to Sat. Excel knows the days of the week and the months; for numbers it needs two to see the step.",,"pulse cells B14:G14 · Type Mon in B14, Enter; Shift+→ five times; Alt, H, F, I, S; Alt+F for AutoFill; Enter."
find-replace-timeline,7,"The dates go under the days: type 15 and 16 into B15 and C15 as a Tab run, then select B15:G15 and Fill Series carries them on to 20.",,,"pulse cells B15:G15 · 15, Tab, 16, Enter; back up to B15; Shift+→ five times; Alt, H, F, I, S, Enter."
find-replace-timeline,8,"Does it tie? Change Airport’s Monday washes in Raw’s C56 to 300 and watch the Airport line of the site totals, I12, answer.",,,"pulse cell I12 on Raw · Raw!C56, 300, Enter; I12 moves."
challenge-complete-the-feed,0,"Airport’s Saturday never came through: enter the manager’s figures in C61:F61 (250 washes, $14.00, $3,500.00 revenue and $375.00 wash cost).",,,
challenge-complete-the-feed,1,"Mueller reads Muller in one row and Riverside reads Riverisde in three: fix the one in place, Replace All the three, read the count.",,,
challenge-complete-the-feed,2,Name the cost per wash on Inputs CostPerWash and put its source in a note on the cell.,,,
challenge-complete-the-feed,3,"The wash count ""240"" in the Riverside rows was typed as text and sits on the left: make it a number.",,,
challenge-complete-the-feed,4,"Copy the site totals header H7:K7, insert a sheet named Summary in front, drop the header on its A1 and label E1 Snapshot.",,,
challenge-complete-the-feed,5,"With the feed complete, paste Raw’s site rows H8:K12 as values onto Summary!A2: a snapshot is values, never a live formula.",,,
challenge-complete-the-feed,6,"Under the snapshot, type Day in A8 and fill a Mon to Sat timeline across B8:G8.",,,
rows-cols-honest-totals,0,"Cedar Park opened this week: select Airport’s row 9 and insert a blank row above it, and the Total in C11 follows to =SUM(C5:C10).","Shift+Space, then Ctrl+Shift+=. The same insert as 1.2.3, but now watch the formula bar on C11: a SUM whose range straddles the insert grows to take the new row in. Insert inside the block, never below it.",,"pulse cell C11 · Shift+Space on row 9, Ctrl+Shift+=; then read C11 in the formula bar."
rows-cols-honest-totals,1,"Name the new site: type Cedar Park in A9, then fill the week label down from B8 into B9 with Ctrl+D.",,,"pulse cell A9 · A9, type, Enter; then land on B8, Shift+↓, Ctrl+D."
rows-cols-honest-totals,2,"Enter Cedar Park’s week across C9:E9 with Tab: 210 washes, $2,940.00 revenue, $315.00 wash cost, and the totals in C11:E11 grow together.",,,"pulse cell C9 · 210, Tab, 2940, Tab, 315, Enter."
rows-cols-honest-totals,3,The Old code column is the old system’s: select column I from its header I4 and delete the whole column in one press.,,,"pulse column I · Land on I4, Ctrl+Space, Ctrl+-."
rows-cols-honest-totals,4,"Margin % belongs before Prior week rev: insert a column at H and type Margin % in H4, and the header comes out bold.",,,"pulse cell H4 · Land in column H, Ctrl+Space, Ctrl+Shift+=; H4, type, Enter."
rows-cols-honest-totals,5,"On Raw, delete the Revenue column E and read the site totals block: every Revenue SUM now says #REF! instead of a number.","#REF! means the formula pointed at a cell that no longer exists. Delete a column a SUM reads and it breaks, loudly, which is the point. Never paste a number over a #REF!; find what it read.",,"pulse the totals block on Raw · Ctrl+PgDn to Raw; land in column E, Ctrl+Space, Ctrl+-; read I8."
rows-cols-honest-totals,6,"Read the error, then undo: Ctrl+Z brings the Revenue column back and Domain’s Revenue SUM in J8 reads a number again.",,,pulse cell J8 on Raw · One Ctrl+Z; J8 shows a figure again.
rows-cols-honest-totals,7,Does it tie? Change Cedar Park’s washes in C9 to 300 and watch the Total in C11 answer.,,,"pulse cell C11 on Report · Ctrl+PgUp to Report; C9, 300, Enter; C11 moves."
widths-heights-autofit,0,The daily table’s six day columns B:G should share one width: select them from the timeline row and set Column Width 12.,"Select the columns first (Ctrl+Space, then Shift+→ across), then Alt, H, O, W, 12, Enter. One width for every period column is the convention on any page with a timeline.",,"pulse columns B:G · Land on B14, Ctrl+Shift+→, Ctrl+Space; Alt, H, O, W, 12, Enter."
widths-heights-autofit,1,"Margin % and Prior week rev in H:I are the comparison columns: select both from the header row and set them to 14, or press F4.",,,"pulse columns H:I · Land on I4, Ctrl+Space, Shift+←; Alt, H, O, W, 14, Enter."
widths-heights-autofit,2,"Fit the label column to its site names, not the title: select A5:A11 and AutoFit, and column A sizes to South Lamar.","AutoFit on a selected range fits only those cells; AutoFit on a whole column fits everything in it, title included, which would make A absurdly wide. Select the names, then Alt, H, O, I.",,"pulse cells A5:A11 · Select A5:A11 with Ctrl+Shift+↓, then Alt, H, O, I."
widths-heights-autofit,3,"At these widths the headers B4:I4 are clipped: select them from B4, wrap the text, then AutoFit row 4 to two lines.","Wrap Text (Alt, H, W) folds a long header inside its cell; AutoFit Row Height (Alt, H, O, A) then sizes the row to the wrapped lines. Headers wrap; figures never do.",,"pulse cells B4:I4 · Select B4:I4, Alt, H, W; then Alt, H, O, A."
widths-heights-autofit,4,The title row is cramped: set row 1 to height 24.,"Row Height (Alt, H, O, H) in points. A title row a little taller than the rest is the one height exception on a page.",,"pulse row 1 · Land on A1; Alt, H, O, H, 24, Enter."
widths-heights-autofit,5,"See why the day columns were set by hand: AutoFit B:G at once, read the uneven widths, then Ctrl+Z puts the equal 12 back.",,,"pulse columns B:G · Select B:G, Alt, H, O, I, look, then Ctrl+Z."
widths-heights-autofit,6,Does it tie? Change Cedar Park’s washes in C9 to 300 and watch the Total in C11 answer through the new widths.,,,"pulse cell C11 · C9, 300, Enter; C11 moves."
hide-group-freeze,0,Wash cost and Gross profit are working columns: select the whole of E:F from the header row and hide them with Ctrl+0.,"Ctrl+0 hides the selected columns and Ctrl+9 hides rows. The columns are still there (formulas still read them), but a reader cannot see them, and that is the problem.",,"pulse columns E:F · Land on E4, Ctrl+Space, Shift+→; then Ctrl+0."
hide-group-freeze,1,"A buyer’s analyst will find a hidden column and wonder what else is hidden: select D:G across the gap and unhide with Alt, H, O, U, L.",,,"pulse columns D:G · Land on G4, Ctrl+Space, Shift+← to D; Alt, H, O, U, L."
hide-group-freeze,2,"Rows hide the same way: select the whole daily table, rows 13:21, hide them with Ctrl+9, then bring them back with Ctrl+Shift+(.",,,"pulse rows 13:21 · Land on A21, Ctrl+Shift+↑ to A13, Shift+Space; Ctrl+9; then Ctrl+Shift+(."
hide-group-freeze,3,"Group, do not hide: select the whole of E:F again and group the two working columns with Alt+Shift+→.","Alt+Shift+→ groups the selected whole columns (or rows) into an outline with a button above them to fold and unfold; Alt+Shift+← ungroups. Alt, A, G, G is the Ribbon route. On a Mac, ⌘⇧K and ⌘⇧J.",,"pulse columns E:F · Land on E4, Ctrl+Space, Shift+→; Alt+Shift+→."
hide-group-freeze,4,"Fold the group with Hide Detail, Alt, A, H: the two columns tuck behind an outline button instead of vanishing.",,,"pulse the outline button · With a cell in E:F selected, Alt, A, H."
hide-group-freeze,5,"Unfold it with Show Detail, Alt, A, J: the workings are there when a reader wants them, and the group stays.",,,"pulse the outline button · Alt, A, J from a cell beside the group."
hide-group-freeze,6,"The title, units, header row and site column must stay in view: land on B5 and freeze panes there with Alt, W, F, F.","Freeze Panes (Alt, W, F, F) pins every row above and every column left of the active cell so they stay put as the sheet scrolls. Land on the first figure cell, B5 here, and the heads and labels are frozen; Alt, W, F, F again unfreezes.",,"pulse cell B5 · Ctrl+Home, ↓ three times, Tab, ↓ once; Alt, W, F, F."
hide-group-freeze,7,"Does it tie? Change Cedar Park’s washes in C9 to 300 and watch the Total in C11 answer, with the heads frozen in place.",,,"pulse cell C11 · C9, 300, Enter; C11 moves; PgDn to see the heads hold."
challenge-reshape-the-report,0,"The Depot site opened: insert a row inside the block, above the last site, and enter Depot, 180 washes, $2,520 revenue, $270 wash cost.",,,
challenge-reshape-the-report,1,"Old code in column H is the old system’s site code: delete the whole column, not just its cells.",,,
challenge-reshape-the-report,2,The six figure columns B:G are six different widths: select them from the header row and set Column Width 12.,,,
challenge-reshape-the-report,3,"A figure column is hidden, and a buyer’s analyst would find it and wonder: unhide it inside the same selection.",,,
challenge-reshape-the-report,4,Gross profit and Avg ticket in E:F are working columns: group them rather than hiding them.,,,
challenge-reshape-the-report,5,"Freeze the panes at B4 so the title, units, header row and site column stay in view.",,,
numbers-a-banker-can-read,0,"Select the kWh sold figures C5:C11, Total included, and give them thousands separators with no decimals: Ctrl+1, then N.","A number format changes how a value shows, not the value itself: Ctrl+1 opens Format Cells, whose categories answer to their first letter, N Number, C Currency, P Percentage.",,
numbers-a-banker-can-read,1,"Give Revenue, Energy cost and Gross profit D5:F11 comma style in one press, Ctrl+Shift+1, then Alt H 9 twice: negatives read in parentheses.",,,
numbers-a-banker-can-read,2,"The $ goes on a money column’s first and total rows only: make D5:F5, D11:F11 and Prior week’s I5 currency with no decimals, Ctrl+1 then C.",,,
numbers-a-banker-can-read,3,"Prior week rev I6:I10 gets thousands separators with no decimals, Cedar Park’s empty I9 included, while I5 keeps the column’s $.",,,
numbers-a-banker-can-read,4,"Avg price ($/kWh) shows cents: select G5:G11 from the bottom, Ctrl+Shift+↑ then Shift+↓ off the header, and give it currency, Ctrl+Shift+4.",,,
numbers-a-banker-can-read,5,"Margin % H5:H11 reads as a percentage to one decimal: select it the same way, Ctrl+Shift+5 for percent, then Alt H 0 for the decimal.",,,
numbers-a-banker-can-read,6,"The daily table B17:G21 will hold thirty kWh figures: format the whole block at once, comma style with Ctrl+Shift+1, then Alt H 9 twice.",,,
numbers-a-banker-can-read,7,"On Inputs, the wholesale energy price B4 is quoted to the tenth of a cent: currency with Ctrl+Shift+4, then Alt H 0 for the third decimal.",,,
numbers-a-banker-can-read,8,"Does it tie? Watch Cedar Park’s kWh in C9 change to 3,000 and the Total in C11 answer, thousands separator and all.",,,
fonts-fills-borders,0,The title in A1 is plain text: make it bold with Ctrl+B so the page has a heading.,"Ctrl+B makes the selection bold, Ctrl+I italic and Ctrl+U underlined; on a mixed selection it follows the active cell, so start from a plain cell and every cell goes on.",,
fonts-fills-borders,1,"One font, one size, and the title is the one exception: take A1 one size up with Increase Font Size, Alt H F G.",,,
fonts-fills-borders,2,Site and Week in A4:B4 were never bold: select the whole header row 4 with Shift+Space and one Ctrl+B bolds every header at once.,,,
fonts-fills-borders,3,"Jump down the site list to the Total in A11, select the whole row 11 with Shift+Space and make the total row bold.",,,
fonts-fills-borders,4,"A total takes a top border, never a grid: with row 11 still selected, add the top border with Alt H B P.","The Borders menu is Alt H B, then a letter: P a top border, O a bottom, A all borders, N none.",,
fonts-fills-borders,5,"On Inputs, the cells a reader may change are B3:B6: select the block and tint it light blue with Alt H H then Enter.","Fill Color is Alt H H, then Enter for the light blue tint or arrows to another swatch; a fill marks a cell, never its value.",,
fonts-fills-borders,6,"Does it tie? Watch Cedar Park’s kWh in C9 change to 3,000 and the Total in C11 answer, in bold above its top border.",,,
alignment-and-titles,0,"The title in A1 belongs over the page: select A1:I1 and center it across the selection with Ctrl+1 then A, never Merge & Center.","Center Across Selection (Ctrl+1, then A) centers a title over the selected columns without merging them; a merged cell breaks selection, fill and sorting.",,
alignment-and-titles,1,A merged title would have stopped you here: go to A1 and press Ctrl+Shift+→ — the selection still sweeps along the row in one press.,,,
alignment-and-titles,2,"Numbers align right, so their headers should too: select kWh sold through Prior week rev, C4:I4, and right-align them with Alt H A R.","The alignment commands are Alt H A then a letter, L left, C center, R right; a header sits over its numbers when it is aligned the way they are.",,
alignment-and-titles,3,"The units line USD unless stated in A2 is a note, not a figure: make it italic with Ctrl+I so it reads as one.",,,
alignment-and-titles,4,"The eight lines under kWh sold by day belong to it: jump to A13, select A14:A21 below it and indent them once with Alt H 6.",,,
alignment-and-titles,5,"On Inputs, the source note per utility contract in C4 runs past its column: wrap it inside the cell with Alt H W.",,,
alignment-and-titles,6,"Does it tie? Watch Cedar Park’s kWh in C9 change to 3,000 and the Total in C11 answer under the centered title.",,,
the-style-pass,0,"On Costs, select the three cost columns B4:D8 and give them thousands separators with no decimals in one action, Ctrl+1 then N.",,,
the-style-pass,1,The Total column needs the same format: select E4:E8 and press F4 once; the whole Format Cells action you just did lands on all five cells.,"F4 outside a formula repeats your last action, a format, a border, a width, an insert, on whatever is selected now: format once, F4 everywhere.",,
the-style-pass,2,"The four headers B3:E3 sit over numbers, so right-align them with Alt H A R; Site in A3 sits over names and stays as it is.",,,
the-style-pass,3,Total ($/wk) is the column a reader looks for first: select E4:E8 again and make it bold with Ctrl+B.,,,
the-style-pass,4,A grid is not structure: select the whole block A3:E8 with Ctrl+A and take every border off with Alt H B N.,,,
the-style-pass,5,"Does it tie? Watch Domain’s lease in B4 change to 2,500 and its Total in E4 answer, bold and with its thousands separator.",,,
challenge-to-standard-in-three-minutes,0,"The figures C5:F10 are General with stray decimals: give them comma style, no decimals, and the Gross profit loss reads in parentheses.",,,
challenge-to-standard-in-three-minutes,1,"Margin % in G5:G10 is a fraction: show it as a percentage to one decimal, Total included.",,,
challenge-to-standard-in-three-minutes,2,"A grid of borders sits over the whole block A4:G10: remove every border from it, because a grid is not structure.",,,
challenge-to-standard-in-three-minutes,3,The Total row A10:G10 is a total: make it bold and give it a single top border.,,,
challenge-to-standard-in-three-minutes,4,"Only the typed figures in C5:E9 are inputs: color them blue, and leave the formulas beside them in automatic black.",,,
challenge-to-standard-in-three-minutes,5,"The title in A1 belongs over the page: center it across A1:G1 with Center Across Selection, never a merge.",,,
point-dont-type,0,"Domain’s gross profit is revenue less energy cost: build =D5-E5 in F5 by pointing at the two cells with the arrow keys, not typing them.","A formula starts with = and recalculates when its inputs change; while it is open, each arrow key points at a cell and writes its reference for you.",,
point-dont-type,1,"Domain’s average price is revenue divided by kWh: build =D5/C5 in G5 by pointing, jumping the pointer across the row with Ctrl+Left.",,,
point-dont-type,2,"Domain’s margin is gross profit divided by revenue: build =F5/D5 in H5 the same way, with a Ctrl+Left jump to reach D5.",,,
point-dont-type,3,"Read one back before you trust it: open F5 with F2 so its inputs D5 and E5 light up in color, then leave it unchanged.",,,
point-dont-type,4,Five sites still have no calculated lines: select F5:H10 with Domain’s three formulas at the top and fill them down with Ctrl+D.,,,
point-dont-type,5,"The fill carried Domain’s $ sign down the gross-profit column: put F6:F10, and only those, back in comma style with no decimals.",,,
point-dont-type,6,"Does it tie? Watch Domain’s kWh in C5 change to 3,000 and its average price in G5 answer.",,,
sum-family-and-autosum,0,"Select the six sites’ figures C5:F10 and press Alt+= once: every column’s SUM lands in the total row, Gross profit’s F11 included.","AutoSum, Alt+=, on one empty cell proposes a SUM over the numbers above; over a whole block it writes every column’s SUM into the row below in one press.",,
sum-family-and-autosum,1,"The total row needs its average price: G11 is total revenue over total kWh, D11 divided by C11, pointed the way the site rows were.",,,
sum-family-and-autosum,2,"The total row needs its margin: H11 is total gross profit over total revenue, F11 divided by D11, pointed the same way.",,,
sum-family-and-autosum,3,"Start a Week summary block under the report: Week summary in A26, bold, then the five line labels A27:A31 as one Enter run.",,,
sum-family-and-autosum,4,"Type the first three lines: B27 =AVERAGE(C5:C10) for the average site, B28 =MAX(C5:C10) for the best, B29 =MIN(C5:C10) for the lowest.","SUM, AVERAGE, MAX, MIN and COUNT each take one range, =AVERAGE(C5:C10), and a blank inside the range is left out, not counted as zero.",,
sum-family-and-autosum,5,"The three kWh lines B27:B29 read as figures: thousands separators and no decimals, the same comma format the report above uses.",,,
sum-family-and-autosum,6,"Count the figures and the names: B30 =COUNT(C5:C10) counts the kWh figures, B31 =COUNTA(A5:A10) counts the site names.","COUNT counts the numbers in a range and COUNTA counts every non-empty cell, text included, so COUNT checks the figures and COUNTA checks the names.",,
sum-family-and-autosum,7,"Does it tie? Watch Riverside’s kWh in C7 clear: the average in B27 and the count in B30 answer, and Sites listed in B31 does not.",,,
anchors-dollar-and-f4,0,"Head the scenario grid: Energy cost at price ($/wk) in J3, bold, then the three prices 0.12, 0.13 and 0.14 across J4:L4 as one Tab run.",,,
anchors-dollar-and-f4,1,"The prices are inputs, not headers: select J4:L4, switch off the bold row 4 gave them, color them blue, show them as currency, 2 decimals.",,,
anchors-dollar-and-f4,2,"Domain’s cost at $0.12 is kWh times price: in J5 point at C5, F4 until it reads $C5, type *, point at J4, F4 until J$4.","F4 inside an open formula cycles the anchors on the reference at the caret, C5, $C$5, C$5, $C5: a $ pins the column or row it sits before.",,
anchors-dollar-and-f4,3,"Give J5 thousands separators, no decimals, then fill it right across J5:L5 with Ctrl+R: $C5 stays on the kWh column, the price moves.",,,
anchors-dollar-and-f4,4,Now the five sites below: extend the selection to J5:L10 and fill down with Ctrl+D; J$4 stays on the price row while the kWh moves.,,,
anchors-dollar-and-f4,5,"Read one from the middle of the grid before you trust it: open K7 with F2, see $C7 and K$4 lit in color, then Esc.",,,
anchors-dollar-and-f4,6,"The old sensitivity stub under the daily block, a half-built what-if table, is covered by the grid now: select A23:F24 and clear it.",,,
anchors-dollar-and-f4,7,"Does it tie? Watch the middle price in K4 change to $0.20 and every site’s cost under it, down to Airport’s K10, answer at once.",,,
link-across-sheets,0,"Domain’s kWh sold in C5 is a typed copy: replace it with a live link to Raw’s site total I8, pointing across sheets.","A reference on another sheet names the sheet first, =Raw!I8: Ctrl+PgDn while the formula is open shows that sheet, and the arrows point there.",,
link-across-sheets,1,"Mueller, Riverside and South Lamar follow: select C6:C8, point one link at Raw’s I9 and commit it into all three with Ctrl+Enter.",,,
link-across-sheets,2,"Revenue the same way: select D5:D8, point one link at Raw’s J8 and commit it into all four; the reference shifts a row per cell.",,,
link-across-sheets,3,"Airport sits below Cedar Park’s emailed row: select C10:D10, point at Raw’s I12 and Ctrl+Enter writes both links, kWh and revenue, at once.",,,
link-across-sheets,4,"Energy cost is kWh times the wholesale price on Inputs: select E5:E10, point =C5*Inputs!$B$4, anchor the price (F2, F4), Ctrl+Enter.",,,
link-across-sheets,5,"A link to another sheet is green in the format the team uses: color the energy costs E5:E10 green with Font Color, Alt H F C.",,,
link-across-sheets,6,"Format once, F4 everywhere: select C5:D8 and press F4 to repeat the green, then C10:D10, leaving Cedar Park’s typed C9:D9 automatic.",,,
link-across-sheets,7,"Does it tie? Watch the wholesale price on Inputs change to 0.200 and every energy cost in E5:E10, gross profit and margin answer.",,,
one-formula-per-row-filled-right,0,"Domain’s Monday in B17 is empty: link it to Domain’s Monday I32 in Raw’s by-day block, pointing across sheets.",,,
one-formula-per-row-filled-right,1,"Write the row once: with Monday’s link at the left of B17:G17, fill it right and all six days take the same pattern.",,,
one-formula-per-row-filled-right,2,"One of the associate’s cells is a number, not a link: show every formula in the daily table and find the one that stands out, E19.","Ctrl+` shows every formula’s text in place of its value, so a typed number stands out from the links; press it again to return.",,
one-formula-per-row-filled-right,3,"Riverside’s Thursday E19 was retyped: refill B19:G19 from its own Monday formula with F2 then Ctrl+Enter, never by retyping.",,,
one-formula-per-row-filled-right,4,Bring the values back to the daily table: every cell in B17:G21 now reads as a live link.,,,
one-formula-per-row-filled-right,5,"A link to another sheet is shown green, the format the team uses: select B17:G17 and color Domain’s row with Alt H F C.",,,
one-formula-per-row-filled-right,6,"Does it tie? Watch Domain’s Monday kWh on Raw’s C8 change to 3,000 and the Report’s B17 answer through the by-day block.",,,
read-the-error-follow-the-trail,0,"On Costs, Mueller’s total E5 says #REF!, a reference that was deleted: replace the dead tail with a pointer to D5 so it reads =B5+C5+D5.","Each error code is a message: #REF! a deleted reference, #NAME? a name Excel does not know, #VALUE! text where a number belongs, #N/A a lookup that found nothing.",,
read-the-error-follow-the-trail,1,"E6 says #NAME?: SUMM is not a function Excel knows, so edit the name in place to SUM and the total reads 2,580 again.",,,
read-the-error-follow-the-trail,2,"E7 says #VALUE!: Ctrl+[ lands on B7, and along that row D7 says tbc where the flat 260 network fee belongs: fill it down from D6.",,,
read-the-error-follow-the-trail,3,"Airport’s E8 says #N/A and holds nothing worth keeping: select E5:E8, press F2 on E5, and Ctrl+Enter writes its formula into all four rows.",,,
read-the-error-follow-the-trail,4,"B10 now says #DIV/0!, a division by nothing: Ctrl+[ jumps to E9, Ctrl+] back, and it divides by the empty B12, so edit it to =E9/B11.",,,
read-the-error-follow-the-trail,5,"B11 is a link to the Report: press Ctrl+[ on it and the trail crosses sheets to Report’s C11, the kWh the cost is spread over.",,,
read-the-error-follow-the-trail,6,"Back on Costs, E5:E8 are formulas, not inputs, and must read black like E4: copy E4 and paste its format only onto them with Paste Formats.",,,
read-the-error-follow-the-trail,7,"Does it tie? Watch Domain’s lease in B4 change to 2,500 and the cost per kWh in B10 answer through the Total.",,,
challenge-the-site-pnl,0,"kWh sold in B5:B9 is typed from last week’s page: select B5:B9, point one link at Raw’s site total I8, then Ctrl+Enter.",,,
challenge-the-site-pnl,1,"Revenue in C5:C9 the same way, pointing at Raw’s J8, then color both link columns B5:C9 green: a link to another sheet is green.",,,
challenge-the-site-pnl,2,"Energy cost D5:D9 multiplies by a typed 0.13 and D8 is an error: put =B5*Inputs!$B$4, anchored with F4, into all five with Ctrl+Enter.",,,
challenge-the-site-pnl,3,"Gross profit E5:E9 mixes typed numbers, formulas and a #REF! in E7: select E5:E9, point =C5-D5 and commit it into every row with Ctrl+Enter.",,,
challenge-the-site-pnl,4,"The Total row B10:E10 is empty: select B5:E10, the block plus its blank edge, and one Alt+= writes every column’s SUM.",,,
challenge-the-site-pnl,5,"Margin % in F5:F10 is gross profit over revenue: select F5:F10, point =E5/C5 and commit it into all six rows with Ctrl+Enter.",,,
fit-to-one-page,0,"Before you set the page, read how far it runs: jump to the last used cell, Z31, then come back to the top of the sheet.",,,
fit-to-one-page,1,A page wider than it is tall prints landscape: turn the Report with Alt P O L.,"Page Layout › Orientation, Alt P O then L for landscape or P for portrait, turns the printed page without opening a dialog box.",,
fit-to-one-page,2,"One page, however wide the columns run: open Page Setup, choose Fit to, leave the counts at 1 page wide by 1 tall, and OK it.","Page Setup, Alt P S P, holds every print setting on its tabbed pages; F picks Fit to, one page wide by one page tall, and Enter is OK.",,
fit-to-one-page,3,"The title, the units line and the header row must top every printed page: set Print Titles to rows 1:4 with Alt P I.","Print Titles, Alt P I, opens Page Setup on its Sheet page; the rows typed as Rows to repeat at top, 1:4, print at the top of every page.",,
fit-to-one-page,4,"A printed page must say which file it came from: on Page Setup’s Header/Footer page (Alt+H), put &[File] in the left footer section.",,,
fit-to-one-page,5,"A printed page must also say when it was printed: on the Header/Footer page, Alt+R moves to the right section; put &[Date] there and OK it.",,,
fit-to-one-page,6,"Does it tie? Watch Cedar Park’s kWh in C9 change to 3,000 and the Total in C11 answer: the print set-up changed nothing on the sheet.",,,
the-checks-row,0,"Head a Checks block under the week summary: Checks in A33, bold, then the three check labels in A34:A36 as one Enter run.",,,
the-checks-row,1,"In B34, take the five linked sites’ revenue D5:D8 and D10 and subtract the feed’s own total, pointing at Raw’s J13 across sheets.","A check cell is a live difference between two things that must agree, so it reads 0 when they tie and shows the gap when they do not.",,
the-checks-row,2,"In B35, the six sites’ kWh must sum to the Total row: enter =SUM(C5:C10)-C11, and it reads 0 while the total row is honest.",,,
the-checks-row,3,"In B36, a margin outside 0 to 100% is a mistake somewhere: enter =IF(AND(H11>=0,H11<=1),0,1), which reads 0 while the margin is plausible.",,,
the-checks-row,4,"Give the three checks B34:B36 the figures’ format, comma style with no decimals, so all three read a plain 0.",,,
the-checks-row,5,"A reviewer will ask what the first check compares: from B34, Ctrl+[ follows the trail to D5, the first revenue figure it reads.",,,
the-checks-row,6,Does it tie? Watch a number typed over Mueller’s revenue link in D6 and the revenue check in B34 leave zero: the break is caught.,,,
hardcode-hunt,0,"Typed numbers hide among the links: select C5:E10, run Go To Special for Constants, and color Cedar Park’s emailed figures blue.","The audit pass is three looks: Go To Special for typed numbers among links, show formulas for a number in a formula row, the page for the rest.",,
hardcode-hunt,1,"E9 multiplies the emailed kWh, so the whole Cedar Park row is marked blue until the feed carries the site: move to E9 and press F4.",,,
hardcode-hunt,2,"Mueller’s average price G6 divides by a typed 6850, which Ctrl+` shows at a glance: rewrite it as =D6/C6 by pointing.",,,
hardcode-hunt,3,"In the daily table Mueller’s Thursday E18 is a number in a formula row: select B18:G18, F2 on the link in G18, Ctrl+Enter, Ctrl+` off.",,,
hardcode-hunt,4,"Prior week rev is hidden between H and J, and a buyer who finds one hidden column looks for more: select H:J and press Ctrl+Shift+).",,,
hardcode-hunt,5,"The title was centered by typing spaces in front of it: retype it in A1 without them, then center it across A1:I1 with Ctrl+1 then A.",,,
hardcode-hunt,6,"The units line is gone, so a reader cannot tell which currency the figures are in: in A2 press Ctrl+I, then type USD unless stated.",,,
hardcode-hunt,7,"A grid sits over the daily table with gridlines on: select B15:G21, take every border off with Alt H B N, then Alt W V G.",,,
hardcode-hunt,8,"Does it tie? Watch Cedar Park’s kWh in C9 change to 3,000 and the Total in C11 answer: the page is clean and still live.",,,
challenge-audit-before-you-send,0,"The title was centered with spaces and the units line is gone: delete the spaces, center A1 across A1:I1, restore USD unless stated in A2.",,,
challenge-audit-before-you-send,1,Cedar Park’s emailed figures sit black among the green links: Go To Special constants over C5:D10 finds them; color them blue.,,,
challenge-audit-before-you-send,2,"Show formulas: one Avg price cell divides by a typed kWh figure, so rewrite G5:G10 as one formula, =D5/C5, with Ctrl+Enter.",,,
challenge-audit-before-you-send,3,A grid was drawn over the daily table B15:G21 with the gridlines on: remove every border and turn the gridlines off.,,,
challenge-audit-before-you-send,4,"One daily-table cell is a typed number among links: select B17:G21, open B17 with F2, commit it to every cell with Ctrl+Enter, Ctrl+` off.",,,
challenge-audit-before-you-send,5,The page prints landscape on one sheet but carries no page number: put Page &[Page] of &[Pages] in the center footer section.,,,
weekly-kpi-project,0,"Give the page its title in A1, bold and one size up, and the units line USD unless stated in A2 in italic.",,,
weekly-kpi-project,1,"Tab the eight headers, Site to Margin %, into A4:H4; bold them, right-align and wrap C4:H4, then center the title across A1:H1.",,,
weekly-kpi-project,2,"Copy the five site names from Inputs A9:A13 into A5:A9, then type the week label w/c 22 Sep in B5 and fill it down to B9.",,,
weekly-kpi-project,3,"Point C5 and D5 at Raw’s I8 and J8 across sheets, E5 at C5 × the wholesale price on Inputs anchored, all three green.",,,
weekly-kpi-project,4,"Point Domain’s gross profit F5 =D5-E5, average price G5 =D5/C5 and margin H5 =F5/D5, one after another with Tab.",,,
weekly-kpi-project,5,Row 5 is the page’s one formula row: select C5:H9 with Ctrl+Shift+End and fill it down the five sites with Ctrl+D.,,,
weekly-kpi-project,6,"Select C5:F10, the block plus its blank edge: one Alt+= totals every column; point G10 =D10/C10 and H10 =F10/D10; type Total in A10.",,,
weekly-kpi-project,7,"Format C5:F10 comma style with no decimals, G5:G10 currency 2, H5:H10 percent 1, then currency 0 on D5:F5 and again on D10:F10 with F4.",,,
weekly-kpi-project,8,"The Total row is bold with a top border, never a grid: select the whole row 10 with Shift+Space, Ctrl+B, then Alt H B P.",,,
weekly-kpi-project,9,"Head the daily block: A12 kWh sold by day bold, A13:G13 Site and Mon to Sat bold with the days right-aligned, A14:A18 the sites indented.",,,
weekly-kpi-project,10,"Select A13:G18, Go To Special for Blanks, point one link at Raw’s I32 and Ctrl+Enter fills all thirty cells; comma 0, green.",,,
weekly-kpi-project,11,"Head a Checks block at A20 with its three labels, then the three checks in B21:B23 reading 0, the first pointed at Raw’s J13, comma 0.",,,
weekly-kpi-project,12,"Set columns B:F to width 12 and G:H to 14, then AutoFit column A to its site names A5:A18 and row 4 to its wrapped headers.",,,
weekly-kpi-project,13,"Freeze panes at B5, gridlines off, then set the page to print: landscape, one page, rows 1:4 repeated, &[File] and &[Date] in the footer.",,,
weekly-kpi-project,14,"Does it tie? Watch Domain’s Monday kWh on Raw change to 3,000 and the Total in C10 answer while the checks in B21:B23 stay zero.",,,
foundations-assessment,0,"A1: Voltline - City Weekly KPI Report, w/c 22 Sep 2026, with the city as Costs A1 names it; A2: USD unless stated.",,,
foundations-assessment,1,"Row 4, bold: Site, Week, kWh sold, Revenue ($), Energy cost ($), Gross profit ($), Avg price ($/kWh), Margin % across A4:H4.",,,
foundations-assessment,2,"The five sites from Inputs A9:A13 into A5:A9, and the week label w/c 22 Sep in B5:B9.",,,
foundations-assessment,3,"kWh sold and revenue C5:D9 as live links to Raw’s site totals I8:J12, pointed across sheets.",,,
foundations-assessment,4,"Energy cost E5:E9 is kWh times the wholesale price, =C5*Inputs!$B$4 anchored, then color every link C5:E9 green.",,,
foundations-assessment,5,"F5:F9 =D5-E5, G5:G9 =D5/C5, H5:H9 =F5/D5 filled down; Total in A10, C10:F10 by AutoSum, G10 =D10/C10, H10 =F10/D10.",,,
foundations-assessment,6,"Daily block: kWh sold by day in A12, Site and Mon–Sat bold in row 13, sites indented in A14:A18, B14:G18 green links to Raw’s by-day block.",,,
foundations-assessment,7,"Checks in A20, bold; the three labels A21:A23; B21 =D10-Raw!J13, B22 =SUM(C5:C9)-C10, B23 =IF(AND(H10>=0,H10<=1),0,1), all reading 0.",,,
foundations-assessment,8,"Number formats: C5:F10, B14:G18 and B21:B23 comma 0; G5:G10 currency 2; H5:H10 percent 1; D5:F5 and D10:F10 currency 0.",,,
foundations-assessment,9,"Style: total row bold, top border; title bold, a size up, centered across A1:H1; A2 italic; C4:H4 wrapped; C4:H4 and B13:G13 right-aligned.",,,
foundations-assessment,10,"Widths: B:F 12, G:H 14, column A AutoFit to the sites, row 4 AutoFit; freeze panes at B5; gridlines off.",,,
foundations-assessment,11,"Page setup: landscape, fit to one page, rows 1:4 as print titles, &[File] in the left footer and &[Date] in the right.",,,
foundations-assessment,12,"Does it tie? Watch the first site’s Monday kWh on Raw change to 3,000 and the Report’s total in C10 answer while the checks stay zero.",,,
foundations-testout,0,"The Report shows its gridlines: turn them off, as a page someone reads should be.",,,
foundations-testout,1,Every week label on the Report still reads w/c 08 Sep: replace all of them with w/c 15 Sep in one pass.,,,
foundations-testout,2,"The panes are unfrozen, so the headers scroll away: freeze them at B5 so rows 1–4 and column A stay in view.",,,
foundations-testout,3,The second site’s revenue in D6 is a typed number where its link belongs: make it =Raw!J9 again.,,,
foundations-testout,4,The average prices in G5:G11 lost their format: show them as currency with two decimals.,,,
foundations-testout,5,Margin % is hidden between G and I: select G:I and unhide it.,,,
foundations-testout,6,The gross-profit total in F11 was retyped as a number: make it =SUM(F5:F10) again.,,,
foundations-testout,7,On Inputs the wholesale price in B4 is an input shown black: color it blue.,,,
foundations-testout,8,On Costs the typed figures in B4:D8 read black: select the constants with Go To Special and color them blue.,,,
foundations-testout,9,On Raw the site name in B14 has a doubled last letter: open it and remove the extra letter.,,,
foundations-testout,10,"Does it tie? Watch the first site’s Monday on Raw change to 3,000 and the Total in C11 answer, with the checks below still reading zero.",,,
built-in-formats-on-a-pnl,0,"Land on C7 and read 18000.4 in the formula bar, then press Ctrl+↓ to see the revenue lines end at C10.",,,pulse cell C7 · The figures start two columns right of the account codes.
built-in-formats-on-a-pnl,1,"Select the revenue lines C7:E10 and give them the desk number format from Ctrl+1: Number, 0 decimal places, the separator and (1,234).","One format per line, set on the whole line at once: in Ctrl+1, Number with 0 decimal places, the separator and (1,234) is the desk number format.",,pulse range C7:E10 · The block runs from retail wash revenue down to its total.
built-in-formats-on-a-pnl,2,Select the site costs C13:E20 and repeat the format with F4.,,,pulse range C13:E20 · F4 repeats the last format on whatever is selected now.
built-in-formats-on-a-pnl,3,"Site contribution, head office and EBITDA in C22:E24 take the same format: select them and press F4.",,,pulse range C22:E24 · The last block on the page ends on EBITDA.
built-in-formats-on-a-pnl,4,Sites and washes in C33:E34 are counts that read the same way: select both rows and press F4.,,,"pulse range C33:E34 · The memo lines sit below the answer, under a gap."
built-in-formats-on-a-pnl,5,Revenue per wash in C35:E35 is dollars and cents: select the row and give it two decimals with Ctrl+Shift+1.,,,pulse range C35:E35 · A ticket of $13.75 needs its cents to read right.
built-in-formats-on-a-pnl,6,"Does it tie? Watch C7 change to 18500, and total revenue in C10 and EBITDA in C24 answer in the format you set.",,,"pulse cell C24 · The totals are live, so they move with the line."
sign-convention-costs-negative,0,"Type -1 in the spare cell G19, beside the last cost line, then copy it with Ctrl+C.",,,pulse cell G19 · The spare cell sits one empty column right of the figures.
sign-convention-costs-negative,1,"Select the cost lines C13:E19, stopping above the total in row 20, and Paste Special Multiply with Ctrl+Alt+V, V, M, Enter.","Paste Special Multiply, Ctrl+Alt+V then V and M, multiplies every selected cell by the copied value, so one -1 flips a whole block.",,pulse range C13:E19 · Row 20 is a formula; paste arithmetic would rewrite it.
sign-convention-costs-negative,2,Head office in C23:E23 is a cost too: select the line and multiply it by the same -1.,,,pulse range C23:E23 · The -1 is still on the clipboard.
sign-convention-costs-negative,3,"Site contribution still subtracts: type =C10+C20 in C22, then select C22:E22 and fill it right with Ctrl+R.",,,"pulse cell C22 · Costs are negative now, so the total adds them."
sign-convention-costs-negative,4,"EBITDA in C24 becomes =C22+C23 the same way, filled right across C24:E24 with Ctrl+R.",,,"pulse cell C24 · Head office is negative too, so EBITDA adds it."
sign-convention-costs-negative,5,The -1 in G19 has done its job: go back to it and clear it with Delete.,,,pulse cell G19 · Nothing stray stays beside the page.
sign-convention-costs-negative,6,"State the convention once: in A2 type USD thousands unless stated; costs shown as negatives, then make it italic.",,,pulse cell A2 · The units line sits right under where the title will go.
sign-convention-costs-negative,7,"Does it tie? Watch rent in C15 typed as (4500), parentheses and all, and site contribution C22 and EBITDA C24 fall.",,,pulse cell C24 · Excel reads parentheses as a minus.
currency-and-percent-lines,0,"Type Margins and growth in B26, then Gross margin, Site contribution margin, EBITDA margin and Revenue growth down B27:B30.",,,"pulse cell B26 · The block sits under the P&L, labels in column B."
currency-and-percent-lines,1,"Type =(C10+C13)/C10 in C27 for gross margin, then select C27:E27 and fill it right with Ctrl+R.","A margin is a line as a share of revenue, and gross margin adds the negative chemicals line to revenue: what is left of each dollar after the wash.",,pulse cell C27 · Revenue is in row 10 and chemicals and water in row 13.
currency-and-percent-lines,2,"Type =C22/C10 in C28 and =C24/C10 in C29, then select C28:E29 and fill both right with Ctrl+R.",,,pulse range C28:E29 · Each margin divides its line by revenue in row 10.
currency-and-percent-lines,3,"Growth starts in the second year: type =D10/C10-1 in D30, fill it right to E30, and leave C30 empty.",,,pulse cell D30 · FY24 has no year before it to grow from.
currency-and-percent-lines,4,"Label F29 CAGR, then put the two-year CAGR in F30: =(E10/C10)^(1/(COLUMNS(C10:E10)-1))-1.","CAGR, compound annual growth, is the one growth figure a buyer quotes, and COLUMNS(C10:E10)-1 counts its periods, three columns less one, so no 2 gets typed.",,"pulse cell F30 · The last year over the first, to the power of one over the periods."
currency-and-percent-lines,5,"Select C27:F30 and make it percentages to one decimal with Ctrl+Shift+5 and Alt H 0, then italic with Ctrl+I.",,,"pulse range C27:F30 · The whole block, the CAGR column included."
currency-and-percent-lines,6,"Put the $ on C7:E7, C10:E10 and C24:E24 as currency with no decimals: Ctrl+1, Currency, 0 decimal places, and F4 for the next two.",,,pulse range C7:E7 · The first row and the totals carry the currency sign.
currency-and-percent-lines,7,"Revenue per wash in C35:E35 is dollars and cents: give it currency with two decimals, Ctrl+Shift+4.",,,pulse range C35:E35 · The memo line at the foot of the page.
currency-and-percent-lines,8,"Does it tie? Watch membership revenue in E8 change to 24000, and EBITDA margin E29 and growth E30 move with it.",,,"pulse cell E29 · Every margin reads revenue, so it moves too."
dates-on-the-timeline,0,"Type the three year ends into C4:E4 as a Tab run: 12/31/2024, 12/31/2025 and 12/31/2026.","A date is a serial number of days shown in a date format: 12/31/2024 is 45657 underneath, so it sorts, subtracts and rolls forward.",,pulse cell C4 · Type over the text headers; Tab moves right after each.
dates-on-the-timeline,1,"Select C4:E4 and show the dates the way the page reads them with Ctrl+1, Date, mmm-yy, which gives Dec-24.",,,pulse range C4:E4 · Enter after a Tab run lands one row under the first date.
dates-on-the-timeline,2,Label the row: type Fiscal year ending in B4 and right-align it over the dates with Alt H A R.,,,"pulse cell B4 · The label goes left of the first date, over the labels column."
dates-on-the-timeline,3,"Type the flags A, A and E into C5:E5 as a Tab run, one under each year.",,,"pulse cell C5 · Two actual years, then the estimate."
dates-on-the-timeline,4,"Select the flags C5:E5, right-align them with Alt H A R, then set them in italic with Ctrl+I.",,,pulse range C5:E5 · The flags sit right under the dates they describe.
dates-on-the-timeline,5,Bold the timeline: select row 4 with Shift+Space and press Ctrl+B.,,,pulse row 4 · Shift+Space takes the whole row of the active cell.
dates-on-the-timeline,6,Does it tie? Watch C4 change to 12/31/2023 and the header read Dec-23: the page rolls with one edit.,,,pulse cell C4 · The header shows whatever date is underneath.
challenge-format-the-numbers,0,"Give the dollar lines C7:E10, C13:E20 and C22:E24 the desk number format from Ctrl+1, and F4.",,,
challenge-format-the-numbers,1,"Park a -1 in G19, copy it, and Paste Special Multiply the costs C13:E19 and head office C23:E23 by it.",,,
challenge-format-the-numbers,2,"Make site contribution C22 =C10+C20 and EBITDA C24 =C22+C23, each filled right, then clear G19.",,,
challenge-format-the-numbers,3,State the convention in A2: USD thousands unless stated; costs shown as negatives.,,,
challenge-format-the-numbers,4,"Show the margins block C27:E30 as percentages to one decimal, in italic.",,,
challenge-format-the-numbers,5,"Put the $ on C7:E7, C10:E10 and C24:E24 as currency with no decimals.",,,
challenge-format-the-numbers,6,"Type 12/31/2024, 12/31/2025 and 12/31/2026 into C4:E4 and show them as dates with Ctrl+1, Date, mmm-yy.",,,
the-four-section-format,0,"Select the P&L lines C7:E24 and type the code #,##0_);(#,##0);-_) into the Custom box at the foot of Ctrl+1’s list.","In a code, 0 always prints a digit and # only when there is one, and _) leaves a bracket-wide gap so the columns line up.",,pulse range C7:E24 · Ctrl+Shift+↓ keeps jumping across the gaps until EBITDA.
the-four-section-format,1,The memo counts in C33:E34 take the same code: select them and press F4.,,,"pulse range C33:E34 · Sites and washes, under the margins block."
the-four-section-format,2,"The first row carries the $: select C7:E7 and type $#,##0_);($#,##0);-_) into the Custom box.",,,pulse range C7:E7 · The same code with a $ in front of each number section.
the-four-section-format,3,Total revenue C10:E10 and EBITDA C24:E24 are totals: select each in turn and press F4 to repeat the $ code.,,,pulse range C10:E10 · F4 repeats the code you just typed.
the-four-section-format,4,"Give the margins block C27:F30 the percent code 0.0%_);(0.0%);-_), so a zero reads as a dash there too.",,,"pulse range C27:F30 · The margins block, CAGR column included."
the-four-section-format,5,"Does it tie? Watch other revenue in E9 change to 0 and read as a dash, and total revenue in E10 answer.",,,pulse cell E9 · The third section decides how a zero reads.
units-in-the-format,0,"On Inputs, show FY26E revenue in B15 in millions: give it #,##0.0,""m"" in the Custom box.","A comma after the last digit divides the display by a thousand and text in quotes rides along, so 50000 thousand reads 50.0m while the cell still holds 50000.",,pulse cell B15 · The comma before the quotes does the dividing.
units-in-the-format,1,"Revenue per site in B16 is already in thousands: give it #,##0k so it reads 1,250k.",,,pulse cell B16 · No comma this time: the figure is in thousands already.
units-in-the-format,2,"The multiple in B13 was typed as text, 12.0x, and no formula can use it: retype it as the number 12.",,,pulse cell B13 · Text sits left in its cell; a number sits right.
units-in-the-format,3,"Give B13 the code 0.0x, so the x lives in the format and the 12 stays a number.",,,pulse cell B13 · The Custom box quotes the x for you.
units-in-the-format,4,The margin change in B14 is a spread: give it the code 0 bps.,,,pulse cell B14 · A basis point is a hundredth of a percent.
units-in-the-format,5,"On the P&L, give revenue per wash C35:E35 the code $0.00"" /wash"" so the unit travels with it.",,,"pulse range C35:E35 · Text in quotes prints exactly as typed, space and all."
units-in-the-format,6,Is it a number? Watch the multiple in Inputs B13 change to 13.5 and read 13.5x: the x lives in the format.,,,pulse cell B13 · The cell holds 13.5; the format adds the x.
dynamic-headers-with-text,0,"Select the timeline C4:E4 and give it the custom code ""FY""yy, so the dates read FY24, FY25 and FY26.","A date code writes a date its own way: yy is the two-digit year and text in quotes rides along, so ""FY""yy reads FY24 from 12/31/2024.",,pulse range C4:E4 · The dates are still there under Dec-24.
dynamic-headers-with-text,1,"The actual years say so: select C4:D4 and give them the code ""FY""yy""A"".",,,pulse range C4:D4 · The A flags in row 5 sit under these two.
dynamic-headers-with-text,2,"And the estimate: give E4 the code ""FY""yy""E"".",,,pulse cell E4 · The one year still running.
dynamic-headers-with-text,3,"On Monthly, the month ends in C4:N4 arrived as bare serials: select the header row and show them as dates with Ctrl+1, Date, mmm-yy.",,,"pulse range C4:N4 · 46053 is January 31, 2026 in days."
dynamic-headers-with-text,4,Headers sit over their figures: right-align Monthly’s header row C4:O4 with Alt H A R.,,,pulse range C4:O4 · The selection from the last step is still the one you want.
dynamic-headers-with-text,5,Does it tie? Watch C4 on the P&L change to 12/31/2025 and read FY25A: the code reads whatever date is underneath.,,,pulse cell C4 · Only the date changed; the code stayed.
conditional-codes-and-hidden-zeros,0,The checks C39:C40 read zero when the page ties: give them 0_);[Red](0);-_) so a negative check paints itself red.,"A section can open with a color or a condition: [Red] paints that section’s values red, and [<1000] uses a section only for values under 1,000.",,pulse range C39:C40 · The checks block sits at the foot of the page.
conditional-codes-and-hidden-zeros,1,"Washes in C34:E34 are thousands: give them [<1000]0;#,##0 so a small count and a large one each read right.",,,"pulse range C34:E34 · The condition picks the section, not the sign."
conditional-codes-and-hidden-zeros,2,Hide the flags C5:E5 with the code ;;; so the cells keep their A and E but the page stops showing them.,"An empty section shows nothing, so ;;; hides every kind of value while the cell still holds it for any formula that reads it.",,pulse range C5:E5 · Three semicolons and nothing in any section.
conditional-codes-and-hidden-zeros,3,"Set C5:E5 back to General, the top of Ctrl+1’s list, and the flags show again.",General is the format with no format: General at the top of Ctrl+1’s list returns a cell to showing its value as typed.,,pulse range C5:E5 · The A and E never left the cells.
conditional-codes-and-hidden-zeros,4,"On Inputs, the switch in B12 holds a 1: give it the code On;;Off so it reads On and still multiplies as a number.",,,pulse cell B12 · Positive; negative; zero: a 0 would read Off.
conditional-codes-and-hidden-zeros,5,"Does it catch it? Watch total revenue in C10 typed over as 32000, and the check in C39 leave zero and turn red.",,,pulse cell C39 · A typed total no longer matches its lines.
challenge-house-format-set,0,"Give the P&L lines C7:E24 the plain code #,##0_);(#,##0);-_) in the Custom box.",,,
challenge-house-format-set,1,"Give the actual years C4:D4 the code ""FY""yy""A"" and the estimate E4 the code ""FY""yy""E"".",,,
challenge-house-format-set,2,"On Inputs, show FY26E revenue in B15 in millions with the code #,##0.0,""m"".",,,
challenge-house-format-set,3,"On Monthly, show the month ends in C4:N4 as dates with Ctrl+1, Date, mmm-yy.",,,
challenge-house-format-set,4,"On the P&L, give the check in C39 the code 0_);[Red](0);-_) so a miss turns red.",,,
challenge-house-format-set,5,"Put the $ code $#,##0_);($#,##0);-_) on C7:E7, then on total revenue C10:E10 and EBITDA C24:E24 with F4.",,,
challenge-house-format-set,6,Give the margins block C27:F30 the percent code 0.0%_);(0.0%);-_).,,,
remix-format-on-the-pnl,0,"The figures C5:F10 are General with stray decimals: comma style, no decimals, so the new site’s loss reads in parentheses.",,,
remix-format-on-the-pnl,1,"Margin % in G5:G10 is a fraction: show it as a percentage to one decimal, Total included.",,,
remix-format-on-the-pnl,2,"A grid of borders sits over the whole block A4:G10: remove every border from it, because a grid is not structure.",,,
remix-format-on-the-pnl,3,The Total row A10:G10 is a total: make it bold and give it a single top border.,,,
remix-format-on-the-pnl,4,"Only the typed figures in C5:E9 are inputs: color them blue, and leave the formulas beside them in automatic black.",,,
remix-format-on-the-pnl,5,"The title in A1 belongs over the page: center it across A1:G1 with Center Across Selection, never a merge.",,,
if-on-a-threshold,0,"Select the Sep 15 washes and the targets, C5:D10, and read them side by side: Domain washed 262 cars against a target of 250.","Column C links each site’s Sep 15 washes from the point-of-sale day totals, and column D its daily target from Sites, so the question sits on one row.",,pulse range C5:D10 · The washes and the targets sit right of the site codes.
if-on-a-threshold,1,"In E5, type =IF(C5>=D5,""On target"",""Below"") and read Domain’s flag against its figures.","IF(test, if true, if false) asks the question in its first part and returns the second part when it holds, the third when it does not. Words go in double quotes; numbers and references do not.",,"pulse cell E5 · >= reads ""at least"": 262 is at least 250."
if-on-a-threshold,2,"Fill E5 down to E10 with Ctrl+D: five sites read On target, and Cedar Park, which washed nothing on its first Monday, reads Below.",,,"pulse range E5:E10 · Select from the formula down to Cedar Park, then fill."
if-on-a-threshold,3,"Make the flag a number the page can add: =IF(C5>=D5,1,0) in F5, filled down to F10.",A flag in words reads well; a flag as 1 or 0 can be added up.,,"pulse range F5:F10 · The same test, with 1 and 0 for the answers."
if-on-a-threshold,4,"Count the sites on target in F12, Sites on target, with =SUM(F5:F10).",A flag column you can add up is a report: one SUM says how many sites cleared the bar.,,pulse cell F12 · The count sits two rows under the block.
if-on-a-threshold,5,"The flag can carry the gap instead: in G5, =IF(C5>=D5,C5-D5,0) gives the washes above target; fill it down to G10.","The answers can be calculations too: when the site is on target, IF returns the washes above it, and 0 when it is not.",,pulse range G5:G10 · Above target is the next column right of the 1/0 flags.
if-on-a-threshold,6,"Does it tie? Watch Mueller’s washes in C6 drop to 210, under its target of 220, and E6, F6, G6 and the count in F12 answer.",,,"pulse cell F12 · One question, asked six times, answers for every site."
nested-if-ifs-min-max,0,"Select the tier table J5:K8 on Summary: 250 washes earn $50 a day, 300 earn $100 and 350 earn $150.","A manager earns a bonus for every day the site clears a tier: the more washes, the bigger the step, which is why the tests have to run from the top tier down.",,pulse range J5:K8 · The tiers sit right of the empty bonus column.
nested-if-ifs-min-max,1,"Build the tower in I5, =IF(C5>=350,150,IF(C5>=300,100,IF(C5>=250,50,0))), and fill it down to I10.","A nested IF puts the next IF where the false answer goes, so the tests run from the top tier down and the last 0 is what is left.",,"pulse range I5:I10 · Three IFs, so three closing parentheses at the end."
nested-if-ifs-min-max,2,"Open I5 with F2 and count the parentheses that close the tower, then Esc: that count is what a reviewer has to check.",,,"pulse cell I5 · F2 shows the formula in the cell, Esc leaves it as it was."
nested-if-ifs-min-max,3,"Replace Domain’s tower first: type =IFS(C5>=350,150,C5>=300,100,C5>=250,50,TRUE,0) over I5 and press Enter.","IFS takes the tests in pairs, a test and its answer, and returns the answer beside the first test that holds; TRUE at the end catches everything left. Same answers as the tower, read top to bottom.",,pulse cell I5 · Type straight over the tower; Enter commits it.
nested-if-ifs-min-max,4,"Fill the IFS down over the other five towers, I5:I10 with Ctrl+D, then head the column you kept Bonus ($/day) in I4.",,,pulse range I5:I10 · Ctrl+D copies I5 down the selection.
nested-if-ifs-min-max,5,"The gap in G5 only floors at zero, so MAX says it without an IF: type =MAX(C5-D5,0) over G5 and press Enter.","MAX(x,0) floors a figure at zero and MIN(x,150) caps it at 150, each in one call. When a test only floors or caps, MAX or MIN says it without an IF.",,pulse cell G5 · Above target is two columns left of the bonus.
nested-if-ifs-min-max,6,"Fill the MAX down G5:G10 with Ctrl+D: Cedar Park washed nothing against 200, and its gap reads 0, not minus 200.","When the test picks from a list of bands, IFS says it; when it only caps or floors, MIN or MAX does. In Chapter 4 a lookup on the tier table replaces both.",,pulse cell G10 · Cedar Park is the last site row.
nested-if-ifs-min-max,7,Does it tie? Watch Domain’s washes in C5 rise to 360 and its bonus in I5 step up to $150.,,,pulse cell I5 · The first test that holds wins.
and-or-not,0,"Select the site ages L5:L10, typed until module 3.2 builds them from the opening dates: Cedar Park is a week old and reads 0.","Site age is the years since a site opened. A new site takes about two years to ramp up to its volume, so a buyer reads the young ones separately.",,pulse range L5:L10 · Age (years) is the last filled column of the block.
and-or-not,1,"In M5, type =AND(C5<D5,L5>2) with no IF around it, fill it down to M10 and read the TRUE and FALSE column.","AND(test, test) is TRUE only when every test inside it holds. Written bare it shows TRUE or FALSE, so you can read the answer before you wrap it in IF.",,"pulse range M5:M10 · Cedar Park is below target but not over two years, so even it reads FALSE."
and-or-not,2,"Wrap it for the page: N5 =IF(AND(C5<D5,L5>2),""Concern"",""-""), filled down to N10.",,,pulse range N5:N10 · The AND you just read becomes the IF’s test.
and-or-not,3,"A site needs a visit if it is below target OR under 110 cars an hour: type =OR(C5<D5,Sites!F5<110) bare in O5 and fill it to O10.","OR(test, test) is TRUE when any one test holds, so one IF can cover two reasons to send someone out.",,"pulse range O5:O10 · Capacity sits on Sites in column F, a row per site in the same order."
and-or-not,4,"Wrap it for the page: with O5:O10 still selected, type =IF(OR(C5<D5,Sites!F5<110),""Visit"",""-"") and press Ctrl+Enter.",,,pulse range O5:O10 · The OR you just read becomes the IF’s test.
and-or-not,5,The ramping sites are the ones NOT over two years old: type =NOT(L5>2) bare in P5 and fill it to P10.,NOT(test) flips TRUE to FALSE and back: NOT(L5>2) is TRUE for a site two years old or younger.,,pulse range P5:P10 · Only Cedar Park reads TRUE.
and-or-not,6,"Wrap it for the page: with P5:P10 still selected, type =IF(NOT(L5>2),""Ramping"",""-"") and press Ctrl+Enter.",,,pulse range P5:P10 · Only Cedar Park is young enough.
and-or-not,7,"Does it tie? Watch Cedar Park’s age in L10 change to 3 and its flags move: Ramping goes, and Concern comes up in N10.",,,pulse cell N10 · Below target and over two years: both tests now hold.
iferror-and-the-override,0,"Go to Cedar Park’s revenue per wash, Q10: it washed nothing on Sep 15, so H10/C10 divides by zero and reads #DIV/0!.",,,pulse cell Q10 · Revenue per wash is the last filled column on row 5; Cedar Park is the last site.
iferror-and-the-override,1,"Type =IFERROR(H10/C10,0) over Q10 and press Enter: the #DIV/0! becomes a 0 the column can add.","IFERROR(value, fallback) shows the fallback wherever the value is an error. It hides every error, so use it only where one is expected, a zero denominator, never to silence a #REF!. A 0 suits a line that gets added up; a ratio that feeds nothing reads NM, not meaningful, instead.",,pulse cell Q10 · Type straight over the error; Enter commits it.
iferror-and-the-override,2,"Now the whole column, so the next site to open can’t break it: Shift+↑ from Q10 up to Q5, type =IFERROR(H10/C10,0), Ctrl+Enter.",,,pulse range Q5:Q10 · Ctrl+Enter rewrites every selected cell from the active one and keeps each one’s format.
iferror-and-the-override,3,"Head R4 Override (washes) and color R5:R10 blue with Font Color, Alt H F C, ready for typed overrides.","An override is a number someone typed, so it is an input, and inputs are blue: a reader sees at a glance which figures a person chose.",,pulse range R5:R10 · The empty column right of revenue per wash.
iferror-and-the-override,4,"In S5, =IF(ISNUMBER(R5),R5,C5) is the washes the page uses, the override if one is typed and the link if not; fill it down to S10.","ISNUMBER(R5) is TRUE only when R5 holds a number, so the formula reads the override when one is typed and the link when not. Inherited models write the test bare, =IF(R5,R5,C5), where a blank or a 0 counts as false and text returns #VALUE!: read it, write ISNUMBER.",,pulse range S5:S10 · Washes used sits right of the override column.
iferror-and-the-override,5,Type 240 into Mueller’s override R6 and watch S6 take it over the link.,,,pulse cell R6 · Mueller is the second site.
iferror-and-the-override,6,Clear R6 with Delete and watch S6 go back to the link.,"Its sibling ISTEXT catches a cell that holds a word: =IF(ISTEXT(C5),""Closed"",H5/C5) returns a status instead of #VALUE! down a row.",,pulse cell R6 · Delete clears the entry and keeps the blue.
iferror-and-the-override,7,"Point the flags at the washes used: select E5:E10, type =IF(S5>=D5,""On target"",""Below"") and press Ctrl+Enter.",,,"pulse range E5:E10 · Only the C in the test changes, to S."
iferror-and-the-override,8,"Does it tie? Watch an override of 200 go into Mueller’s R6, under its target of 220, and its flag in E6 turn to Below.",,,"pulse cell E6 · The flag reads the washes used, so it follows the override."
challenge-flags-block,0,Flag each site on target as 1 or 0 in F5:F10 and count the sites on target in F12.,,,
challenge-flags-block,1,"Put the manager bonus in I5:I10 with IFS on the tiers in J5:K8: $50 at 250 washes, $100 at 300 and $150 at 350.",,,
challenge-flags-block,2,"Flag Concern in N5:N10 where a site is below target and over two years old, and a dash where it is not.",,,
challenge-flags-block,3,"Flag Visit in O5:O10 where a site is below target or under 110 cars an hour on Sites, and a dash where it is not.",,,
challenge-flags-block,4,"Catch the new site’s #DIV/0! in revenue per wash, Q5:Q10, with IFERROR and a 0 fallback.",,,
challenge-flags-block,5,Wire the override: S5:S10 reads R5:R10 when a number is typed there and the washes in C5:C10 when not.,,,
date-serials,0,"Go to the as-of date on Sites, I5, show its serial with Ctrl+Shift+~, read 46,280, then put the date back with Ctrl+Z.",Ctrl+Shift+~ is the General format: it strips the date costume and shows the serial underneath. Ctrl+Z puts the costume back.,,pulse cell Sites!I5 · The as-of date is the blue input on the first site row.
date-serials,1,"Age in days: J5 =$I$5-E5, anchored on the one as-of date, filled down to J10.",,,pulse range J5:J10 · Without the $ signs the as-of date slides down to blank rows.
date-serials,2,"Age in years: K5 =J5/365.25, a quarter day a year for the leap years, filled down to K10.",,,pulse range K5:K10 · Age (years) is right of Age (days).
date-serials,3,"Take the opening date apart in L5:N5 as a Tab run, =YEAR(E5), =MONTH(E5) and =DAY(E5), then fill the three down to row 10.","YEAR, MONTH and DAY each take one part of a date: YEAR(E5) is 2019 for a site opened on 3/15/2019.",,"pulse range L5:N10 · Year, Month and Day sit side by side after the ages."
date-serials,4,"Put YEAR to work: the vintage in P5 is =YEAR(E5), filled down to P10, so the page can be read by the year each site opened.",A vintage is the year a site opened. A buyer reads sites by vintage because the 2019 sites have had seven years to ramp and the 2026 one has had a week.,,pulse range P5:P10 · Vintage is two columns right of Day.
date-serials,5,"Build Domain’s month opened in O5 from the parts: =DATE(L5,M5,1) is the first of its opening month, 3/1/2019.","DATE(year, month, day) builds a date from three numbers, and it rolls over: DATE(2026,13,1) is January 1, 2027.",,pulse cell O5 · Month opened sits between Day and Vintage.
date-serials,6,"Fill it down O5:O10 with Ctrl+D: every site gets the first of its opening month, the date a count by month groups on.",,,pulse range O5:O10 · Ctrl+D copies O5 down the selection.
date-serials,7,"Replace the typed ages on Summary: select L5:L10, type =Sites!K5, press Ctrl+Enter and color them green as links with Alt H F C.","The ages on Summary were typed in 3.1.3 for want of this lesson. Now they link to Sites, so a new as-of date moves every flag that reads them.",,"pulse range Summary!L5:L10 · Age (years) on Summary is column L, the blue typed figures."
date-serials,8,Does it tie? Watch the as-of date in Sites!I5 move to 12/31/2026 and every age in J and K move with it.,,,pulse cell Sites!K5 · Every age subtracts from the one as-of date.
member-tenure,0,"Go to Members and select the Joined and Cancelled dates, E5:F44: forty members, and six of them have cancelled.",,,pulse range Members!E5:F44 · Joined and Cancelled are the blue dates.
member-tenure,1,"The end date in G5 is =IF(F5="""",$H$2,F5): the as-of date in H2 while the member is active, the cancel date once they leave.","A blank cell equals """", the empty text, so F5="""" asks whether a cancel date is missing. Never type a 0 into a date column to mean none: 0 is a date, January 0, 1900, and every subtraction from it is wrong.",,pulse cell G5 · End date is right of Cancelled.
member-tenure,2,"Tenure in H5 is =G5-E5 in days and in I5 =H5/30.4 in months, typed as a Tab run.",,,pulse cell I5 · A month averages 30.4 days.
member-tenure,3,"Status in J5 reads the same blank: =IF(F5="""",""Active"",""Cancelled"").",,,pulse cell J5 · Status sits after Tenure (months).
member-tenure,4,"Value to date in K5 is =I5*$L$2; then type the fee, 30, into L2 and color it blue as an input with Alt H F C.","The fee belongs to the plan, a lookup in Chapter 4. Until then it is one typed input, blue, and every value reads it through an anchor.",,pulse cell L2 · Fee ($/mo) sits above the churn column.
member-tenure,5,"Churn in L5 flags a cancel in September: =IF(AND(F5>=DATE(2026,9,1),F5<=DATE(2026,9,30)),1,0).","COUNTIFS counts on a date window in one cell; it comes in 3.3.2. Until then a 1 or 0 per row, added up, does the same job.",,"pulse cell L5 · M0001 is active, so its churn reads 0."
member-tenure,6,"Copy G5:L5, select G5:L44 from its last row with Ctrl+Shift+↑, and paste formulas with Ctrl+Alt+V, F, Enter.","Ctrl+D would copy K5’s $ format down the column. Paste Special, Formulas writes the formulas only, so every cell keeps its own format.",,"pulse range G5:L44 · Go To G44, widen to L, then climb to row 5."
member-tenure,7,"Total the value and the churn on row 45: K45 =SUM(K5:K44) and L45 =SUM(L5:L44), a Tab run; three members left in September.",,,pulse range K45:L45 · The Total row is under the last member.
member-tenure,8,"Does it tie? Watch M0001 cancel on 9/10/2026: its tenure stops, its status flips and September churn in L45 rises to 4.",,,pulse cell L45 · The cancel date now falls inside September.
period-keys,0,"Go to Transactions and give G5 the month key as text: =TEXT(A5,""yyyy-mm""), then Enter.","TEXT(value, ""format"") writes a number through a format code as text: the date stays a date in A, and G holds the label 2026-09, which sorts in order.",,pulse cell Transactions!G5 · Month key is the first empty column after Memo.
period-keys,1,"Key every wash by month: Go To G94, Ctrl+Shift+↑ up to G5 and Ctrl+D, and all ninety rows read 2026-09.",,,pulse range G5:G94 · Ninety rows of washes end on row 94.
period-keys,2,"The month end in H5 is =EOMONTH(A5,0), a real date shown as mmm-yy that sorts and subtracts; Enter.","EOMONTH(date, 0) is the last day of the date’s own month; EOMONTH(date, 1) of the next. Its sibling EDATE(date, n) keeps the day and moves n months.",,pulse cell H5 · Month end sits right of the month key.
period-keys,3,"Fill the month end down: Ctrl+↓ on the month keys finds row 94, then → and Ctrl+Shift+↑ select H5:H94 for Ctrl+D.",,,pulse range H5:H94 · The filled column beside it shows where the data ends.
period-keys,4,"The quarter number in I5 is =ROUNDUP(MONTH(A5)/3,0): September is month 9, so quarter 3; Tab on.","ROUNDUP(x, 0) rounds up to the next whole number, so months 7 to 9 over 3 give quarter 3. The desk’s other test: MOD(MONTH(A5),3)=0 is TRUE in a quarter-end month.",,pulse cell I5 · Quarter sits right of the month end.
period-keys,5,"Label the quarter in J5 from I5: =""Q""&I5&"" ""&YEAR(A5) reads Q3 2026; Enter.","& joins text and values into one string: ""Q"" and the quarter number and a space and the year read Q3 2026.",,pulse cell J5 · Quarter label is right of the quarter number.
period-keys,6,"Fill the quarter and its label down together: find row 94 from the month end, select I5:J94 and Ctrl+D.",,,pulse range I5:J94 · Widen to J on row 94 before you climb.
period-keys,7,"The week key in K5 is the Monday of the week, =A5-WEEKDAY(A5,2)+1; fill it to K94 the same way.","WEEKDAY(date, 2) numbers Monday as 1 through Sunday as 7, so the date less its weekday, plus one, is that week’s Monday.",,pulse range K5:K94 · Week of is the last key column.
period-keys,8,"Does it tie? Watch the first wash move to 10/5/2026: its month key reads 2026-10, its quarter Q4 2026 and its week that Monday.",,,pulse cell J5 · Every key reads the date in A5.
yearfrac-and-fiscal-periods,0,"On Sites, select the ages K5:K10, type =YEARFRAC(E5,$I$5) and press Ctrl+Enter to replace the /365.25.","YEARFRAC(start, end) is the years between two dates. With no basis it counts 30/360, a 30-day month and a 360-day year, the bond convention; a basis of 1 counts actual days, the one a lease uses.",,pulse range Sites!K5:K10 · Age (years) is right of Age (days).
yearfrac-and-fiscal-periods,1,"Cedar Park opened on 9/8/2026, so 2026 is a stub year: in C15, =YEARFRAC(E10,DATE(2026,12,31)) reads 0.31 of a year.","A stub is a part year. The desk’s main use of YEARFRAC is the annual figure times YEARFRAC(start, period end): what a site opened in September can hold in its opening year.",,pulse cell C15 · The stub line sits under the holidays in the Calendar block.
yearfrac-and-fiscal-periods,2,"On Transactions, the buyer’s fiscal year in L5 is =IF(MONTH(A5)>=7,YEAR(A5)+1,YEAR(A5)); Tab on.","A fiscal year is named for the calendar year it ends in. The buyer’s ends June 30, so a date from July on belongs to the next year: September 2026 is FY2027.",,pulse cell Transactions!L5 · Fiscal year (Jun) comes after the week key.
yearfrac-and-fiscal-periods,3,"The half in M5 is =IF(MONTH(A5)>=7,""H1"",""H2"") and the label in N5 is =""FY""&RIGHT(L5,2)&"" ""&M5, a Tab run.","RIGHT(L5,2) keeps the last two characters, 27 from 2027, so the label reads FY27; the text functions come in full in 3.4.",,pulse cell N5 · The label reads FY27 H1.
yearfrac-and-fiscal-periods,4,"Fill the three to the last row: Go To L94, widen to N, Ctrl+Shift+↑ up to row 5 and Ctrl+D.","The 7 inside these formulas is the buyer’s first fiscal month. In a model it lives in one blue input cell and every formula points at it, so a buyer with a March year end is one edit away.",,pulse range L5:N94 · The washes end on row 94.
yearfrac-and-fiscal-periods,5,"Does it tie? Watch the first wash move to 6/30/2026, the buyer’s year end: its label in N5 flips to FY26 H2.",,,pulse cell N5 · June is the last month of the buyer’s year.
trading-calendar,0,"On Transactions, O5 is =WEEKDAY(A5,2), Monday as 1, and P5 is =TEXT(A5,""ddd""), the day’s name; type both with Tab.","TEXT with ""ddd"" writes the day’s short name, Tue; ""dddd"" writes it in full. WEEKDAY gives the number, which is what a test can compare.",,pulse cell Transactions!O5 · Weekday comes after the fiscal label.
trading-calendar,1,"The weekend flag in Q5 is =IF(O5>=6,1,0): Saturday and Sunday are 6 and 7.",,,pulse cell Q5 · Weekend (1/0) sits right of Day.
trading-calendar,2,"Fill the three to the last row: Go To O94, widen to Q, Ctrl+Shift+↑ up to row 5 and Ctrl+D.",,,pulse range O5:Q94 · The washes end on row 94.
trading-calendar,3,"On Sites, select Q5:Q10 and enter =NETWORKDAYS(E5,$I$5,$C$13:$C$14) with Ctrl+Enter: working days since each site opened.","NETWORKDAYS(start, end, holidays) counts Monday to Friday between two dates, both ends included, less any date in the holiday list.",,"pulse range Sites!Q5:Q10 · The holidays sit in the Calendar block, C13:C14."
trading-calendar,4,"Trading days in R5:R10: select them and enter =NETWORKDAYS.INTL(E5,$I$5,""0000000"",$C$13:$C$14) with Ctrl+Enter.","NETWORKDAYS.INTL takes a weekend as seven digits, Monday first, 1 for a day off. ""0000000"" has no weekend at all: a car wash trades every day but the holidays.",,pulse range R5:R10 · Trading days is the last column of the site block.
trading-calendar,5,"On Summary, C62 counts the fortnight’s trading days: =NETWORKDAYS.INTL(C60,C61,""0000000"",Sites!$C$13:$C$14) reads 15.",,,"pulse cell Summary!C62 · The trading calendar sits under the site blocks, with the period start and end above it."
trading-calendar,6,"Washes per trading day in P15:P20: select them, type =O15/$C$62 and press Ctrl+Enter.","The fortnight’s washes in O15:O20 are built in 3.3.3, so the per-day figure reads 0 until then, live and waiting.",,pulse range P15:P20 · Per trading day is the last column of the site table.
trading-calendar,7,Does it tie? Watch a holiday land on 9/21/2026 in Sites!C14: the fortnight’s trading days in C62 drop to 14.,,,pulse cell Summary!C62 · The holiday now falls inside the fortnight.
challenge-timeline-and-age,0,"On Sites, age each site in years with YEARFRAC from its opening date in E5:E10 to the as-of date in I5, in K5:K10.",,,
challenge-timeline-and-age,1,"Give each site its vintage, the year it opened, in P5:P10.",,,
challenge-timeline-and-age,2,"On Transactions, write the month key as text, like 2026-09, in G5:G94 and the quarter number in I5:I94.",,,
challenge-timeline-and-age,3,"The buyer’s fiscal year ends June 30: its year in L5:L94 and its half, H1 or H2, in M5:M94.",,,
challenge-timeline-and-age,4,"Flag every Saturday and Sunday wash 1, and every weekday wash 0, in Q5:Q94.",,,
challenge-timeline-and-age,5,"On Sites, count each site’s trading days in R5:R10: seven days a week from opening to the as-of date, less the holidays in C13:C14.",,,
